,playerID,yearID,teamID,predict_salary
0,aardsda01,2013.0,NYN,4720918.347000988
1,abadfe01,2013.0,WAS,1168428.5018255413
2,abreuto01,2013.0,SFN,2708169.189868596
3,aceveal01,2013.0,BOS,2112183.1368996757
4,ackledu01,2013.0,SEA,828737.3942837575
5,adamsda02,2013.0,NYA,379145.17809695576
6,adamsma01,2013.0,SLN,569488.2052512611
7,adamsmi03,2013.0,PHI,4720918.347000988
8,adducji02,2013.0,TEX,379145.17809695576
9,adriaeh01,2013.0,SFN,379145.17809695576
10,affelje01,2013.0,SFN,5837030.708956074
11,alberan01,2013.0,MIN,379145.17809695576
12,alberma01,2013.0,CLE,3364131.9365933132
13,albural01,2013.0,DET,828737.3942837575
14,allenco01,2013.0,CLE,569488.2052512611
15,almonab01,2013.0,SEA,379145.17809695576
16,almonzo01,2013.0,NYA,379145.17809695576
17,alonsyo01,2013.0,SDN,1168428.5018255413
18,altuvjo01,2013.0,HOU,828737.3942837575
19,alvarhe01,2013.0,MIA,828737.3942837575
20,alvarjo02,2013.0,DET,379145.17809695576
21,alvarpe01,2013.0,PIT,1168428.5018255413
22,amarial01,2013.0,SDN,828737.3942837575
23,ambrihe01,2013.0,HOU,1168428.5018255413
24,amesst01,2013.0,MIA,379145.17809695576
25,anderbr04,2013.0,OAK,1596027.4413530878
26,anderbr05,2013.0,CHA,1168428.5018255413
27,andinro01,2013.0,SEA,4048771.3569343197
28,andruel01,2013.0,TEX,1596027.4413530878
29,ankieri01,2013.0,HOU,6329038.679261513
30,ankieri01,2013.0,NYN,6329038.679261513
31,aokino01,2013.0,MIL,569488.2052512611
32,archech01,2013.0,TBA,569488.2052512611
33,arciaos01,2013.0,MIN,379145.17809695576
34,arenano01,2013.0,COL,379145.17809695576
35,arencjp01,2013.0,TOR,1168428.5018255413
36,ariasjo01,2013.0,SFN,3364131.9365933132
37,arrieja01,2013.0,BAL,1168428.5018255413
38,arrieja01,2013.0,CHN,1168428.5018255413
39,arroybr01,2013.0,CIN,6358716.865118625
40,ascheco01,2013.0,PHI,379145.17809695576
41,atchisc01,2013.0,NYN,4720918.347000988
42,aumonph01,2013.0,PHI,569488.2052512611
43,avilaal01,2013.0,DET,1596027.4413530878
44,avilalu01,2013.0,ATL,569488.2052512611
45,avilemi01,2013.0,CLE,2112183.1368996757
46,axelrdy01,2013.0,CHA,828737.3942837575
47,axforjo01,2013.0,MIL,1596027.4413530878
48,axforjo01,2013.0,SLN,1596027.4413530878
49,ayalalu01,2013.0,BAL,5333136.887685128
50,ayalalu01,2013.0,ATL,5333136.887685128
51,aybarer01,2013.0,LAA,3364131.9365933132
52,badenbu01,2013.0,MIL,2112183.1368996757
53,bailean01,2013.0,BOS,1596027.4413530878
54,baileho02,2013.0,CIN,2708169.189868596
55,bakerje03,2013.0,TEX,4048771.3569343197
56,bakerjo01,2013.0,SDN,2112183.1368996757
57,bakersc02,2013.0,CHN,4048771.3569343197
58,balfogr01,2013.0,OAK,6189480.946286261
59,bantzbr01,2013.0,SEA,379145.17809695576
60,bardda01,2013.0,BOS,1596027.4413530878
61,barmecl01,2013.0,PIT,5333136.887685128
62,barnebr02,2013.0,HOU,569488.2052512611
63,barneda01,2013.0,CHN,1168428.5018255413
64,barnesc01,2013.0,CLE,569488.2052512611
65,bartoda02,2013.0,OAK,2708169.189868596
66,bassan01,2013.0,SDN,828737.3942837575
67,bastaan01,2013.0,PHI,1596027.4413530878
68,bauertr01,2013.0,CLE,569488.2052512611
69,bautijo02,2013.0,TOR,4720918.347000988
70,baxtemi01,2013.0,NYN,1168428.5018255413
71,bayja01,2013.0,SEA,5333136.887685128
72,beachbr01,2013.0,ATL,1168428.5018255413
73,beatope01,2013.0,BOS,828737.3942837575
74,beavabl01,2013.0,SEA,828737.3942837575
75,beckejo02,2013.0,LAN,6189480.946286261
76,beckhgo01,2013.0,CHA,1596027.4413530878
77,beckhti01,2013.0,TBA,379145.17809695576
78,bedarer01,2013.0,HOU,5837030.708956074
79,belfimi01,2013.0,BAL,379145.17809695576
80,belisma01,2013.0,COL,5333136.887685128
81,belisro01,2013.0,LAN,1596027.4413530878
82,belivje01,2013.0,TBA,569488.2052512611
83,bellhe01,2013.0,ARI,4720918.347000988
84,belowdu01,2013.0,MIA,828737.3942837575
85,beltbr01,2013.0,SFN,828737.3942837575
86,beltrad01,2013.0,TEX,6103219.888720353
87,beltrca01,2013.0,SLN,6103219.888720353
88,beltren01,2013.0,TEX,379145.17809695576
89,benoijo01,2013.0,DET,6189480.946286261
90,berkmla01,2013.0,TEX,6329038.679261513
91,bernaro01,2013.0,PHI,2112183.1368996757
92,bernaro01,2013.0,WAS,2112183.1368996757
93,bernido01,2013.0,MIN,2112183.1368996757
94,berryqu01,2013.0,BOS,569488.2052512611
95,betande01,2013.0,NYA,828737.3942837575
96,betanra01,2013.0,COL,5333136.887685128
97,betanyu01,2013.0,MIL,4048771.3569343197
98,betemwi01,2013.0,BAL,6189480.946286261
99,bethach01,2013.0,ATL,379145.17809695576
100,bettich01,2013.0,COL,379145.17809695576
101,biancje01,2013.0,MIL,569488.2052512611
102,billich01,2013.0,LAN,3364131.9365933132
103,blackch02,2013.0,COL,828737.3942837575
104,blacktr01,2013.0,HOU,4720918.347000988
105,blacktr01,2013.0,TEX,4720918.347000988
106,blackvi01,2013.0,NYN,379145.17809695576
107,blackvi01,2013.0,PIT,379145.17809695576
108,blancgr01,2013.0,SFN,2112183.1368996757
109,blanche01,2013.0,SEA,5702079.7811821485
110,blanche01,2013.0,TOR,5702079.7811821485
111,blankky01,2013.0,SDN,1596027.4413530878
112,blantjo01,2013.0,LAA,4720918.347000988
113,blazemi01,2013.0,MIL,379145.17809695576
114,blazemi01,2013.0,SLN,379145.17809695576
115,blevije01,2013.0,OAK,2708169.189868596
116,bloomwi01,2013.0,ARI,5837030.708956074
117,boescbr01,2013.0,NYA,1168428.5018255413
118,bogaexa01,2013.0,BOS,379145.17809695576
119,boggsmi01,2013.0,COL,2112183.1368996757
120,boggsmi01,2013.0,SLN,2112183.1368996757
121,bogusbr01,2013.0,CHN,1168428.5018255413
122,bondeje01,2013.0,DET,5333136.887685128
123,bondeje01,2013.0,SEA,5333136.887685128
124,bonifem01,2013.0,KCA,2708169.189868596
125,bonifem01,2013.0,TOR,2708169.189868596
126,bootcch01,2013.0,NYA,5333136.887685128
127,borboju01,2013.0,TEX,1596027.4413530878
128,borboju01,2013.0,CHN,1596027.4413530878
129,boscajc01,2013.0,CHN,1168428.5018255413
130,boshebu01,2013.0,LAA,379145.17809695576
131,bourgja01,2013.0,TBA,2112183.1368996757
132,bourjpe01,2013.0,LAA,1168428.5018255413
133,bournmi01,2013.0,CLE,3364131.9365933132
134,bowdemi01,2013.0,CHN,2112183.1368996757
135,boxbebr01,2013.0,SDN,569488.2052512611
136,brachbr01,2013.0,SDN,828737.3942837575
137,bradlja02,2013.0,BOS,379145.17809695576
138,brantmi02,2013.0,CLE,1596027.4413530878
139,brantro01,2013.0,MIA,569488.2052512611
140,brasiry01,2013.0,LAA,379145.17809695576
141,braunry02,2013.0,MIL,2708169.189868596
142,breslcr01,2013.0,BOS,4048771.3569343197
143,brewech01,2013.0,ARI,379145.17809695576
144,brignre01,2013.0,NYA,2112183.1368996757
145,brignre01,2013.0,COL,2112183.1368996757
146,brittdr01,2013.0,BOS,379145.17809695576
147,brittza01,2013.0,BAL,828737.3942837575
148,brothre01,2013.0,COL,828737.3942837575
149,brownan02,2013.0,NYN,828737.3942837575
150,brownco01,2013.0,WAS,828737.3942837575
151,browndo01,2013.0,PHI,1168428.5018255413
152,brownjo05,2013.0,MIA,1168428.5018255413
153,broxtjo01,2013.0,CIN,4048771.3569343197
154,bruceja01,2013.0,CIN,2112183.1368996757
155,buchhcl01,2013.0,BOS,2708169.189868596
156,buckjo01,2013.0,NYN,4720918.347000988
157,buckjo01,2013.0,PIT,4720918.347000988
158,bucknbi02,2013.0,LAA,2708169.189868596
159,buehrma01,2013.0,TOR,6358716.865118625
160,buenofr01,2013.0,KCA,2112183.1368996757
161,bumgama01,2013.0,SFN,1596027.4413530878
162,burgohi01,2013.0,MIL,379145.17809695576
163,burkegr01,2013.0,NYN,1596027.4413530878
164,burneaj01,2013.0,PIT,6329038.679261513
165,burneal01,2013.0,BAL,1168428.5018255413
166,burneal01,2013.0,CHN,1168428.5018255413
167,burnese01,2013.0,LAA,4720918.347000988
168,burnsco01,2013.0,TEX,569488.2052512611
169,burtoja01,2013.0,MIN,2708169.189868596
170,bushda01,2013.0,TOR,4720918.347000988
171,bussni01,2013.0,LAN,379145.17809695576
172,buterdr01,2013.0,MIN,1168428.5018255413
173,buterdr01,2013.0,LAN,1168428.5018255413
174,butlebi03,2013.0,KCA,2708169.189868596
175,butlejo04,2013.0,TEX,379145.17809695576
176,butleke01,2013.0,SLN,379145.17809695576
177,byrdati01,2013.0,NYN,6103219.888720353
178,byrdma01,2013.0,NYN,5837030.708956074
179,byrdma01,2013.0,PIT,5837030.708956074
180,cabrace01,2013.0,NYA,379145.17809695576
181,cabreal03,2013.0,CHN,569488.2052512611
182,cabreas01,2013.0,CLE,2708169.189868596
183,cabreev01,2013.0,SDN,1596027.4413530878
184,cabreme01,2013.0,TOR,4048771.3569343197
185,cabremi01,2013.0,DET,5333136.887685128
186,cahiltr01,2013.0,ARI,1596027.4413530878
187,cainlo01,2013.0,KCA,1168428.5018255413
188,cainma01,2013.0,SFN,4048771.3569343197
189,calhoko01,2013.0,LAA,569488.2052512611
190,callaal01,2013.0,LAA,3364131.9365933132
191,callaal01,2013.0,OAK,3364131.9365933132
192,caminar01,2013.0,MIA,379145.17809695576
193,campato01,2013.0,ARI,828737.3942837575
194,campsh01,2013.0,CHN,4720918.347000988
195,canoro01,2013.0,NYA,4048771.3569343197
196,cappsca01,2013.0,SEA,569488.2052512611
197,capuach01,2013.0,LAN,5333136.887685128
198,carmofa01,2013.0,TBA,3364131.9365933132
199,carpeda01,2013.0,ATL,828737.3942837575
200,carpeda02,2013.0,LAA,569488.2052512611
201,carpema01,2013.0,SLN,828737.3942837575
202,carpmi01,2013.0,BOS,1596027.4413530878
203,carraca01,2013.0,CLE,1596027.4413530878
204,carreez01,2013.0,CLE,828737.3942837575
205,carreez01,2013.0,PHI,828737.3942837575
206,carroja01,2013.0,KCA,5837030.708956074
207,carroja01,2013.0,MIN,5837030.708956074
208,carsoma01,2013.0,CLE,1596027.4413530878
209,carsoro01,2013.0,NYN,569488.2052512611
210,cartech02,2013.0,HOU,1168428.5018255413
211,cashnan01,2013.0,SDN,1168428.5018255413
212,casilal01,2013.0,BAL,3364131.9365933132
213,casteal01,2013.0,LAN,569488.2052512611
214,casteni01,2013.0,DET,379145.17809695576
215,castiwe01,2013.0,CHN,1168428.5018255413
216,castrja01,2013.0,HOU,1168428.5018255413
217,castrsi01,2013.0,CHA,379145.17809695576
218,castrst01,2013.0,CHN,1168428.5018255413
219,cecilbr01,2013.0,TOR,1596027.4413530878
220,cedenro02,2013.0,HOU,4048771.3569343197
221,cedenro02,2013.0,SDN,4048771.3569343197
222,cedenxa01,2013.0,HOU,828737.3942837575
223,cedenxa01,2013.0,WAS,828737.3942837575
224,centeju01,2013.0,NYN,379145.17809695576
225,cervefr01,2013.0,NYA,2112183.1368996757
226,cespeyo01,2013.0,OAK,569488.2052512611
227,chacijh01,2013.0,COL,1596027.4413530878
228,chambad01,2013.0,SLN,828737.3942837575
229,chambjo03,2013.0,NYA,2708169.189868596
230,chapmar01,2013.0,CIN,1168428.5018255413
231,chapmke02,2013.0,HOU,379145.17809695576
232,chatwty01,2013.0,COL,828737.3942837575
233,chaveen01,2013.0,SEA,6189480.946286261
234,chaveer01,2013.0,ARI,6103219.888720353
235,chaveje01,2013.0,OAK,2112183.1368996757
236,chenbr01,2013.0,KCA,6103219.888720353
237,chenwe02,2013.0,BAL,569488.2052512611
238,chiriro01,2013.0,TEX,828737.3942837575
239,chiselo01,2013.0,CLE,828737.3942837575
240,choatra01,2013.0,SLN,6358716.865118625
241,choicmi01,2013.0,OAK,379145.17809695576
242,choosh01,2013.0,CIN,4048771.3569343197
243,chrisni01,2013.0,CIN,379145.17809695576
244,cingrto01,2013.0,CIN,569488.2052512611
245,ciriape01,2013.0,BOS,1168428.5018255413
246,ciriape01,2013.0,KCA,1168428.5018255413
247,ciriape01,2013.0,SDN,1168428.5018255413
248,cishest01,2013.0,MIA,1168428.5018255413
249,cisnejo01,2013.0,HOU,379145.17809695576
250,claibpr01,2013.0,NYA,379145.17809695576
251,clarkco01,2013.0,HOU,379145.17809695576
252,clarkza01,2013.0,BAL,379145.17809695576
253,clemepa02,2013.0,HOU,379145.17809695576
254,cletoma01,2013.0,SLN,828737.3942837575
255,clevest01,2013.0,BAL,828737.3942837575
256,clevest01,2013.0,CHN,828737.3942837575
257,clippty01,2013.0,WAS,2708169.189868596
258,cloydty01,2013.0,PHI,569488.2052512611
259,cobbal01,2013.0,TBA,828737.3942837575
260,coellro01,2013.0,LAA,1168428.5018255413
261,coghlch01,2013.0,MIA,1596027.4413530878
262,cokeph01,2013.0,DET,2112183.1368996757
263,colabch01,2013.0,MIN,379145.17809695576
264,colege01,2013.0,PIT,379145.17809695576
265,colemlo01,2013.0,KCA,828737.3942837575
266,colliti01,2013.0,KCA,828737.3942837575
267,collmjo01,2013.0,ARI,828737.3942837575
268,colomal01,2013.0,TBA,379145.17809695576
269,colonba01,2013.0,OAK,5702079.7811821485
270,colvity01,2013.0,COL,1596027.4413530878
271,congeha01,2013.0,LAA,1168428.5018255413
272,constjo01,2013.0,ATL,828737.3942837575
273,contrjo01,2013.0,PIT,5333136.887685128
274,cookry01,2013.0,OAK,828737.3942837575
275,corbipa01,2013.0,ARI,569488.2052512611
276,corpama01,2013.0,COL,3364131.9365933132
277,corpoca01,2013.0,HOU,1596027.4413530878
278,correke01,2013.0,MIN,5333136.887685128
279,cosarja01,2013.0,HOU,379145.17809695576
280,cottsne01,2013.0,TEX,5333136.887685128
281,cousisc01,2013.0,LAA,1168428.5018255413
282,cowgico01,2013.0,LAA,828737.3942837575
283,cowgico01,2013.0,NYN,828737.3942837575
284,cozarza01,2013.0,CIN,828737.3942837575
285,craigal01,2013.0,SLN,1168428.5018255413
286,crainje01,2013.0,CHA,4720918.347000988
287,crawfbr01,2013.0,SFN,828737.3942837575
288,crawfca02,2013.0,LAN,5837030.708956074
289,crispco01,2013.0,OAK,5837030.708956074
290,crowaa01,2013.0,KCA,828737.3942837575
291,crowetr01,2013.0,HOU,1596027.4413530878
292,cruzlu01,2013.0,NYA,2112183.1368996757
293,cruzlu01,2013.0,LAN,2112183.1368996757
294,cruzne02,2013.0,TEX,4048771.3569343197
295,cruzrh01,2013.0,HOU,569488.2052512611
296,cruzto03,2013.0,SLN,828737.3942837575
297,cuddymi01,2013.0,COL,6189480.946286261
298,cuetojo01,2013.0,CIN,2112183.1368996757
299,culbech01,2013.0,COL,569488.2052512611
300,cumptbr01,2013.0,PIT,379145.17809695576
301,cunnito01,2013.0,ATL,379145.17809695576
302,curtije01,2013.0,SLN,379145.17809695576
303,daleyma01,2013.0,NYA,1596027.4413530878
304,danksjo01,2013.0,CHA,2708169.189868596
305,danksjo02,2013.0,CHA,569488.2052512611
306,darnatr01,2013.0,NYN,379145.17809695576
307,darviyu01,2013.0,TEX,569488.2052512611
308,davidma02,2013.0,ARI,379145.17809695576
309,davisch02,2013.0,BAL,2112183.1368996757
310,daviser02,2013.0,WAS,379145.17809695576
311,davisik02,2013.0,NYN,1168428.5018255413
312,daviskh01,2013.0,MIL,379145.17809695576
313,davisra01,2013.0,TOR,3364131.9365933132
314,daviswa01,2013.0,KCA,1596027.4413530878
315,deazaal01,2013.0,CHA,2708169.189868596
316,deckeja01,2013.0,SDN,379145.17809695576
317,dedunsa01,2013.0,MIN,1168428.5018255413
318,defraju01,2013.0,PHI,828737.3942837575
319,dejesda01,2013.0,TBA,5333136.887685128
320,dejesda01,2013.0,CHN,5333136.887685128
321,dejesda01,2013.0,WAS,5333136.887685128
322,delabst01,2013.0,TOR,828737.3942837575
323,delarda01,2013.0,LAA,828737.3942837575
324,delareu01,2013.0,ARI,379145.17809695576
325,delarjo01,2013.0,COL,4720918.347000988
326,delarru01,2013.0,BOS,828737.3942837575
327,delatjo01,2013.0,BOS,379145.17809695576
328,deleojo02,2013.0,HOU,379145.17809695576
329,delgara01,2013.0,ARI,828737.3942837575
330,dempsry01,2013.0,BOS,6103219.888720353
331,dendema01,2013.0,NYN,379145.17809695576
332,denorch01,2013.0,SDN,4048771.3569343197
333,derosma01,2013.0,TOR,6103219.888720353
334,descada01,2013.0,SLN,1168428.5018255413
335,desmoia01,2013.0,WAS,1596027.4413530878
336,detwiro01,2013.0,WAS,2708169.189868596
337,devrico01,2013.0,MIN,569488.2052512611
338,dewitbl01,2013.0,ATL,2112183.1368996757
339,diamosc01,2013.0,MIN,828737.3942837575
340,diazjo02,2013.0,BOS,379145.17809695576
341,diazma02,2013.0,MIA,5333136.887685128
342,dickech01,2013.0,BAL,2112183.1368996757
343,dickeco01,2013.0,COL,379145.17809695576
344,dickera01,2013.0,TOR,6189480.946286261
345,diekmja01,2013.0,PHI,569488.2052512611
346,dietrde01,2013.0,MIA,379145.17809695576
347,dirksan01,2013.0,DET,828737.3942837575
348,dobbsgr01,2013.0,MIA,4720918.347000988
349,dolisra01,2013.0,CHN,828737.3942837575
350,dominjo01,2013.0,LAN,379145.17809695576
351,dominma01,2013.0,HOU,828737.3942837575
352,donaljo02,2013.0,OAK,1168428.5018255413
353,doolise01,2013.0,OAK,569488.2052512611
354,doteloc01,2013.0,DET,6329038.679261513
355,doubrfe01,2013.0,BOS,1168428.5018255413
356,doumiry01,2013.0,MIN,4048771.3569343197
357,downsda02,2013.0,DET,569488.2052512611
358,downssc01,2013.0,LAA,6358716.865118625
359,downssc01,2013.0,ATL,6358716.865118625
360,doziebr01,2013.0,MIN,569488.2052512611
361,drabeky01,2013.0,TOR,1168428.5018255413
362,drewst01,2013.0,BOS,3364131.9365933132
363,dudalu01,2013.0,NYN,1168428.5018255413
364,duensbr01,2013.0,MIN,1596027.4413530878
365,duffyda01,2013.0,KCA,828737.3942837575
366,dukeza01,2013.0,CIN,4048771.3569343197
367,dukeza01,2013.0,WAS,4048771.3569343197
368,duncash01,2013.0,TBA,2708169.189868596
369,dunnad01,2013.0,CHA,6189480.946286261
370,dunnija01,2013.0,SFN,379145.17809695576
371,dunnmi01,2013.0,MIA,1596027.4413530878
372,durbich01,2013.0,PHI,6329038.679261513
373,dwyerch01,2013.0,KCA,379145.17809695576
374,dysonja01,2013.0,KCA,1168428.5018255413
375,dysonsa01,2013.0,MIA,569488.2052512611
376,eatonad02,2013.0,ARI,569488.2052512611
377,edginjo01,2013.0,NYN,569488.2052512611
378,ellisaj01,2013.0,LAN,2112183.1368996757
379,ellisma01,2013.0,LAN,5837030.708956074
380,ellsbja01,2013.0,BOS,2708169.189868596
381,elmorja01,2013.0,HOU,569488.2052512611
382,encared01,2013.0,TOR,4048771.3569343197
383,enrigba01,2013.0,LAA,1168428.5018255413
384,eovalna01,2013.0,MIA,828737.3942837575
385,eppleco01,2013.0,NYA,828737.3942837575
386,erlinro01,2013.0,SDN,379145.17809695576
387,escaled01,2013.0,COL,1168428.5018255413
388,escobal02,2013.0,KCA,2112183.1368996757
389,escobed01,2013.0,MIN,828737.3942837575
390,escobyu01,2013.0,TBA,2708169.189868596
391,espinda01,2013.0,WAS,1168428.5018255413
392,estrama01,2013.0,MIL,2112183.1368996757
393,ethiean01,2013.0,LAN,3364131.9365933132
394,faluir01,2013.0,KCA,569488.2052512611
395,familje01,2013.0,NYN,569488.2052512611
396,farnsky01,2013.0,TBA,6329038.679261513
397,farnsky01,2013.0,PIT,6329038.679261513
398,farquda01,2013.0,SEA,828737.3942837575
399,federti01,2013.0,LAN,828737.3942837575
400,feldmsc01,2013.0,BAL,4048771.3569343197
401,feldmsc01,2013.0,CHN,4048771.3569343197
402,felicpe01,2013.0,NYN,5837030.708956074
403,felizne01,2013.0,TEX,1596027.4413530878
404,fernajo02,2013.0,MIA,379145.17809695576
405,fieldjo03,2013.0,HOU,379145.17809695576
406,fieldpr01,2013.0,DET,4048771.3569343197
407,fieldth01,2013.0,LAA,828737.3942837575
408,fienca01,2013.0,MIN,1596027.4413530878
409,fiersmi01,2013.0,MIL,828737.3942837575
410,fifest01,2013.0,LAN,569488.2052512611
411,figaral01,2013.0,MIL,1596027.4413530878
412,figuepe01,2013.0,OAK,569488.2052512611
413,fistedo01,2013.0,DET,1596027.4413530878
414,flahery01,2013.0,BAL,569488.2052512611
415,florewi01,2013.0,NYN,379145.17809695576
416,floripe01,2013.0,MIN,828737.3942837575
417,flowety01,2013.0,CHA,1596027.4413530878
418,floydga01,2013.0,CHA,4720918.347000988
419,flynnbr01,2013.0,MIA,379145.17809695576
420,fontwi01,2013.0,TEX,569488.2052512611
421,forsylo01,2013.0,SDN,828737.3942837575
422,fowlede01,2013.0,COL,2112183.1368996757
423,francbe01,2013.0,NYA,2708169.189868596
424,francfr01,2013.0,NYN,4720918.347000988
425,francje01,2013.0,COL,4720918.347000988
426,francje02,2013.0,KCA,4048771.3569343197
427,francje02,2013.0,SDN,4048771.3569343197
428,francju02,2013.0,ATL,1596027.4413530878
429,francju02,2013.0,MIL,1596027.4413530878
430,frandke01,2013.0,PHI,3364131.9365933132
431,frankni01,2013.0,SEA,379145.17809695576
432,frasoja01,2013.0,TEX,4720918.347000988
433,frazito01,2013.0,CIN,828737.3942837575
434,freemfr01,2013.0,ATL,1168428.5018255413
435,freemju02,2013.0,CIN,379145.17809695576
436,freemsa01,2013.0,SLN,569488.2052512611
437,freesda01,2013.0,SLN,1596027.4413530878
438,freimna01,2013.0,OAK,379145.17809695576
439,frierer01,2013.0,LAA,1596027.4413530878
440,fryerer01,2013.0,MIN,828737.3942837575
441,fuentre01,2013.0,SDN,379145.17809695576
442,fujikky01,2013.0,CHN,379145.17809695576
443,fuldsa01,2013.0,TBA,2708169.189868596
444,furbuch01,2013.0,SEA,828737.3942837575
445,gallayo01,2013.0,MIL,2708169.189868596
446,galvifr01,2013.0,PHI,569488.2052512611
447,garciav01,2013.0,CHA,569488.2052512611
448,garciav01,2013.0,DET,569488.2052512611
449,garcifr02,2013.0,BAL,6329038.679261513
450,garcifr02,2013.0,ATL,6329038.679261513
451,garcija01,2013.0,SFN,4720918.347000988
452,garcija02,2013.0,SLN,2112183.1368996757
453,garcile02,2013.0,CHA,379145.17809695576
454,garcile02,2013.0,TEX,379145.17809695576
455,garcilu03,2013.0,PHI,379145.17809695576
456,garcion01,2013.0,LAN,379145.17809695576
457,gardnbr01,2013.0,NYA,2112183.1368996757
458,garlajo01,2013.0,COL,6358716.865118625
459,garzama01,2013.0,TEX,3364131.9365933132
460,garzama01,2013.0,CHN,3364131.9365933132
461,gastjo01,2013.0,SLN,379145.17809695576
462,gattiev01,2013.0,ATL,379145.17809695576
463,gaudich01,2013.0,SFN,5333136.887685128
464,gausmke01,2013.0,BAL,379145.17809695576
465,gearrco01,2013.0,ATL,828737.3942837575
466,geedi01,2013.0,NYN,1168428.5018255413
467,gennesc01,2013.0,MIL,379145.17809695576
468,gentrcr01,2013.0,TEX,1596027.4413530878
469,germaju01,2013.0,TOR,4720918.347000988
470,germego01,2013.0,NYN,379145.17809695576
471,getzch01,2013.0,KCA,2112183.1368996757
472,giambja01,2013.0,CLE,4526274.09065059
473,giavojo01,2013.0,KCA,828737.3942837575
474,gibsoky01,2013.0,MIN,379145.17809695576
475,gillaco01,2013.0,CHA,2112183.1368996757
476,gilleco01,2013.0,CHN,1168428.5018255413
477,gilleco01,2013.0,SDN,1168428.5018255413
478,gimench01,2013.0,TBA,1596027.4413530878
479,gimenhe01,2013.0,CHA,3364131.9365933132
480,gindlca01,2013.0,MIL,379145.17809695576
481,goinsry01,2013.0,TOR,379145.17809695576
482,goldspa01,2013.0,ARI,828737.3942837575
483,gomesbr01,2013.0,TBA,828737.3942837575
484,gomesjo01,2013.0,BOS,5333136.887685128
485,gomesya01,2013.0,CLE,569488.2052512611
486,gomezca01,2013.0,MIL,2708169.189868596
487,gomezje01,2013.0,PIT,1168428.5018255413
488,gonzaad01,2013.0,LAN,4720918.347000988
489,gonzaal02,2013.0,MIL,6103219.888720353
490,gonzaal03,2013.0,NYA,2708169.189868596
491,gonzaal03,2013.0,CHN,2708169.189868596
492,gonzaca01,2013.0,COL,2112183.1368996757
493,gonzaed01,2013.0,HOU,5333136.887685128
494,gonzaed01,2013.0,TOR,5333136.887685128
495,gonzagi01,2013.0,WAS,2112183.1368996757
496,gonzama01,2013.0,HOU,569488.2052512611
497,gonzami02,2013.0,MIL,5333136.887685128
498,gonzami03,2013.0,BAL,569488.2052512611
499,gonzami04,2013.0,CHA,379145.17809695576
500,gordoal01,2013.0,KCA,2708169.189868596
501,gordode01,2013.0,LAN,828737.3942837575
502,gorzeto01,2013.0,MIL,4048771.3569343197
503,gosean01,2013.0,TOR,569488.2052512611
504,gosewtu01,2013.0,ARI,379145.17809695576
505,gosseph01,2013.0,ATL,379145.17809695576
506,grandcu01,2013.0,NYA,4720918.347000988
507,grandya01,2013.0,SDN,569488.2052512611
508,grayso01,2013.0,OAK,379145.17809695576
509,greengr01,2013.0,LAA,379145.17809695576
510,greengr01,2013.0,OAK,379145.17809695576
511,greenni01,2013.0,MIA,4720918.347000988
512,greenty02,2013.0,CHA,1596027.4413530878
513,gregelu01,2013.0,SDN,1596027.4413530878
514,greggke01,2013.0,CHN,5333136.887685128
515,gregodi01,2013.0,ARI,569488.2052512611
516,greinza01,2013.0,LAN,4720918.347000988
517,griffaj01,2013.0,OAK,569488.2052512611
518,grillja01,2013.0,PIT,6358716.865118625
519,grimmju01,2013.0,TEX,569488.2052512611
520,grimmju01,2013.0,CHN,569488.2052512611
521,grossro01,2013.0,HOU,379145.17809695576
522,guerrja01,2013.0,LAN,828737.3942837575
523,guerrma02,2013.0,CHN,4720918.347000988
524,guerrma02,2013.0,LAN,4720918.347000988
525,guilmpr01,2013.0,CLE,379145.17809695576
526,guthrje01,2013.0,KCA,4720918.347000988
527,gutiefr01,2013.0,SEA,4048771.3569343197
528,gutieju01,2013.0,KCA,2708169.189868596
529,gutieju01,2013.0,LAA,2708169.189868596
530,guzmafr01,2013.0,TBA,4720918.347000988
531,guzmaje01,2013.0,SDN,1596027.4413530878
532,gyorkje01,2013.0,SDN,379145.17809695576
533,hafnetr01,2013.0,NYA,5837030.708956074
534,hagadni01,2013.0,CLE,828737.3942837575
535,hairsje02,2013.0,LAN,6103219.888720353
536,hairssc01,2013.0,CHN,4720918.347000988
537,hairssc01,2013.0,WAS,4720918.347000988
538,haleda02,2013.0,ATL,379145.17809695576
539,hallaro01,2013.0,PHI,6103219.888720353
540,haltose01,2013.0,MIL,379145.17809695576
541,hamelco01,2013.0,PHI,3364131.9365933132
542,hamilbi02,2013.0,CIN,379145.17809695576
543,hamiljo03,2013.0,LAA,2708169.189868596
544,hammeja01,2013.0,BAL,3364131.9365933132
545,handbr01,2013.0,MIA,828737.3942837575
546,handdo01,2013.0,MIL,379145.17809695576
547,hanigry01,2013.0,CIN,2708169.189868596
548,hannaja01,2013.0,CIN,3364131.9365933132
549,hanrajo01,2013.0,BOS,2708169.189868596
550,hansoto01,2013.0,LAA,1596027.4413530878
551,happja01,2013.0,TOR,2708169.189868596
552,haranaa01,2013.0,SEA,5837030.708956074
553,haranaa01,2013.0,NYN,5837030.708956074
554,hardyjj01,2013.0,BAL,4048771.3569343197
555,harenda01,2013.0,WAS,5333136.887685128
556,harpebr03,2013.0,WAS,569488.2052512611
557,harrelu01,2013.0,HOU,1168428.5018255413
558,harribr01,2013.0,LAA,4720918.347000988
559,harrijo05,2013.0,PIT,828737.3942837575
560,harrima01,2013.0,TEX,2112183.1368996757
561,harriwi02,2013.0,ARI,569488.2052512611
562,harvema01,2013.0,NYN,569488.2052512611
563,hatchch02,2013.0,MIA,1168428.5018255413
564,hawkila01,2013.0,NYN,4526274.09065059
565,hawpebr01,2013.0,LAA,4720918.347000988
566,hayesbr01,2013.0,KCA,1596027.4413530878
567,headlch01,2013.0,SDN,2708169.189868596
568,heathde01,2013.0,CHA,569488.2052512611
569,hechaad01,2013.0,MIA,569488.2052512611
570,hefneje01,2013.0,NYN,569488.2052512611
571,heisech01,2013.0,CIN,1168428.5018255413
572,hellije01,2013.0,TBA,1168428.5018255413
573,hellwjo01,2013.0,MIL,379145.17809695576
574,heltoto01,2013.0,COL,5702079.7811821485
575,hembrhe01,2013.0,SFN,379145.17809695576
576,hendeji01,2013.0,MIL,569488.2052512611
577,hendrli01,2013.0,MIN,828737.3942837575
578,hennse01,2013.0,NYN,4048771.3569343197
579,hernace02,2013.0,PHI,379145.17809695576
580,hernada01,2013.0,ARI,1596027.4413530878
581,hernafe02,2013.0,SEA,4048771.3569343197
582,hernape02,2013.0,MIN,569488.2052512611
583,hernara02,2013.0,LAN,6329038.679261513
584,herreel01,2013.0,LAN,569488.2052512611
585,herrejo03,2013.0,COL,2112183.1368996757
586,herreke01,2013.0,KCA,828737.3942837575
587,herrmch01,2013.0,MIN,569488.2052512611
588,hestejo01,2013.0,LAA,1596027.4413530878
589,heywaja01,2013.0,ATL,1168428.5018255413
590,hicksaa01,2013.0,MIN,379145.17809695576
591,hillaa01,2013.0,ARI,4048771.3569343197
592,hillko01,2013.0,MIA,5333136.887685128
593,hillri01,2013.0,CLE,4048771.3569343197
594,hinsker01,2013.0,ARI,5837030.708956074
595,hochelu01,2013.0,KCA,2708169.189868596
596,hoeslj01,2013.0,BAL,569488.2052512611
597,hoeslj01,2013.0,HOU,569488.2052512611
598,holadbr01,2013.0,DET,569488.2052512611
599,hollade01,2013.0,TEX,1596027.4413530878
600,hollagr01,2013.0,KCA,1168428.5018255413
601,hollima01,2013.0,SLN,4720918.347000988
602,holmbda01,2013.0,ARI,379145.17809695576
603,holtbr01,2013.0,BOS,569488.2052512611
604,hoovejj01,2013.0,CIN,569488.2052512611
605,horstje01,2013.0,PHI,828737.3942837575
606,hosmeer01,2013.0,KCA,828737.3942837575
607,howarry01,2013.0,PHI,4720918.347000988
608,howeljp01,2013.0,LAN,4048771.3569343197
609,hudsoti01,2013.0,ATL,6329038.679261513
610,huffda01,2013.0,CLE,1596027.4413530878
611,huffda01,2013.0,NYA,1596027.4413530878
612,hugheja02,2013.0,PIT,828737.3942837575
613,hugheph01,2013.0,NYA,2708169.189868596
614,humbeph01,2013.0,HOU,3364131.9365933132
615,hundlni01,2013.0,SDN,2112183.1368996757
616,hunteto01,2013.0,DET,5702079.7811821485
617,hunteto02,2013.0,BAL,2112183.1368996757
618,hynesco01,2013.0,SDN,379145.17809695576
619,iannech01,2013.0,LAA,3364131.9365933132
620,ibanera01,2013.0,SEA,5161317.395835876
621,iglesjo01,2013.0,BOS,828737.3942837575
622,iglesjo01,2013.0,DET,828737.3942837575
623,infanom01,2013.0,DET,5837030.708956074
624,ingebr01,2013.0,PIT,6189480.946286261
625,irwinph01,2013.0,PIT,379145.17809695576
626,ishiktr01,2013.0,BAL,3364131.9365933132
627,ishiktr01,2013.0,NYA,3364131.9365933132
628,iwakuhi01,2013.0,SEA,569488.2052512611
629,izturce01,2013.0,CIN,6189480.946286261
630,izturma01,2013.0,TOR,4720918.347000988
631,jacksau01,2013.0,DET,1168428.5018255413
632,jacksed01,2013.0,CHN,5333136.887685128
633,jacksry02,2013.0,SLN,569488.2052512611
634,janispa01,2013.0,ATL,2112183.1368996757
635,janseke01,2013.0,LAN,1168428.5018255413
636,janssca01,2013.0,TOR,3364131.9365933132
637,jasojo01,2013.0,OAK,2112183.1368996757
638,jayjo02,2013.0,SLN,1168428.5018255413
639,jeffrje01,2013.0,TOR,1168428.5018255413
640,jenkich01,2013.0,TOR,569488.2052512611
641,jennida01,2013.0,MIA,569488.2052512611
642,jennide01,2013.0,TBA,1168428.5018255413
643,jepseke01,2013.0,LAA,2112183.1368996757
644,jeterde01,2013.0,NYA,4526274.09065059
645,jimence01,2013.0,PHI,3364131.9365933132
646,jimenlu02,2013.0,LAA,379145.17809695576
647,jimenub01,2013.0,CLE,3364131.9365933132
648,johnsch05,2013.0,ATL,1596027.4413530878
649,johnsda06,2013.0,BAL,4048771.3569343197
650,johnsel02,2013.0,KCA,2112183.1368996757
651,johnsel02,2013.0,ATL,2112183.1368996757
652,johnser04,2013.0,CHA,379145.17809695576
653,johnsji04,2013.0,BAL,3364131.9365933132
654,johnsjo09,2013.0,TOR,4048771.3569343197
655,johnske05,2013.0,TBA,4048771.3569343197
656,johnskr01,2013.0,PIT,379145.17809695576
657,johnsre02,2013.0,ATL,5333136.887685128
658,johnsro07,2013.0,SLN,2708169.189868596
659,johnsst02,2013.0,BAL,569488.2052512611
660,jonesad01,2013.0,BAL,3364131.9365933132
661,jonesga02,2013.0,PIT,2708169.189868596
662,jonesna01,2013.0,CHA,569488.2052512611
663,jordata01,2013.0,WAS,379145.17809695576
664,josepco01,2013.0,NYA,379145.17809695576
665,josepdo01,2013.0,KCA,379145.17809695576
666,joycema01,2013.0,TBA,2112183.1368996757
667,jurrjja01,2013.0,BAL,2708169.189868596
668,karnsna01,2013.0,WAS,379145.17809695576
669,kawasmu01,2013.0,TOR,569488.2052512611
670,kazmisc01,2013.0,CLE,4720918.347000988
671,kearnau01,2013.0,MIA,5837030.708956074
672,kellesh01,2013.0,NYA,1596027.4413530878
673,kellydo01,2013.0,DET,2708169.189868596
674,kellyjo05,2013.0,SLN,569488.2052512611
675,kempma01,2013.0,LAN,3364131.9365933132
676,kendrho01,2013.0,LAA,3364131.9365933132
677,kendrky01,2013.0,PHI,2708169.189868596
678,kenneia01,2013.0,ARI,2708169.189868596
679,kenneia01,2013.0,SDN,2708169.189868596
680,kensilo01,2013.0,COL,4720918.347000988
681,keppije01,2013.0,CHA,4720918.347000988
682,kershcl01,2013.0,LAN,2112183.1368996757
683,keuchda01,2013.0,HOU,569488.2052512611
684,kickhmi01,2013.0,SFN,379145.17809695576
685,kiermke01,2013.0,TBA,379145.17809695576
686,kiescro01,2013.0,SFN,379145.17809695576
687,kimbrcr01,2013.0,ATL,1168428.5018255413
688,kinslia01,2013.0,TEX,3364131.9365933132
689,kintzbr01,2013.0,MIL,1168428.5018255413
690,kipnija01,2013.0,CLE,828737.3942837575
691,kirkmmi01,2013.0,TEX,1168428.5018255413
692,klubeco01,2013.0,CLE,828737.3942837575
693,koberje01,2013.0,WAS,379145.17809695576
694,koehlto01,2013.0,MIA,569488.2052512611
695,kohnmi01,2013.0,LAA,1168428.5018255413
696,konerpa01,2013.0,CHA,5702079.7811821485
697,kontoge01,2013.0,SFN,828737.3942837575
698,kotchca01,2013.0,MIA,4720918.347000988
699,kotsama01,2013.0,SDN,5702079.7811821485
700,kottage01,2013.0,KCA,2112183.1368996757
701,kozmape01,2013.0,SLN,828737.3942837575
702,kratzer01,2013.0,PHI,1168428.5018255413
703,krausma01,2013.0,HOU,379145.17809695576
704,krolia01,2013.0,WAS,379145.17809695576
705,kubelja01,2013.0,CLE,4720918.347000988
706,kubelja01,2013.0,ARI,4720918.347000988
707,kurodhi01,2013.0,NYA,2112183.1368996757
708,lackejo01,2013.0,BOS,5837030.708956074
709,laffeaa01,2013.0,TOR,2708169.189868596
710,laffeaa01,2013.0,NYN,2708169.189868596
711,lafrobo01,2013.0,SEA,379145.17809695576
712,lagarju01,2013.0,NYN,379145.17809695576
713,lairdbr01,2013.0,HOU,828737.3942837575
714,lairdge01,2013.0,ATL,5333136.887685128
715,lakeju01,2013.0,CHN,379145.17809695576
716,lallibl01,2013.0,MIL,569488.2052512611
717,lamboan01,2013.0,PIT,379145.17809695576
718,langery01,2013.0,TOR,5837030.708956074
719,langwma01,2013.0,CLE,379145.17809695576
720,langwma01,2013.0,ARI,379145.17809695576
721,lannajo01,2013.0,PHI,2708169.189868596
722,larocad01,2013.0,WAS,4720918.347000988
723,larocan01,2013.0,TOR,2708169.189868596
724,latosma01,2013.0,CIN,1596027.4413530878
725,lavarry01,2013.0,BOS,828737.3942837575
726,lawribr01,2013.0,TOR,828737.3942837575
727,layneto01,2013.0,SDN,569488.2052512611
728,leagubr01,2013.0,LAN,4720918.347000988
729,leakemi01,2013.0,CIN,1168428.5018255413
730,leblawa01,2013.0,HOU,2112183.1368996757
731,leblawa01,2013.0,MIA,2112183.1368996757
732,lecursa01,2013.0,CIN,1168428.5018255413
733,leech01,2013.0,CLE,379145.17809695576
734,leecl02,2013.0,PHI,5837030.708956074
735,leesmch01,2013.0,CHA,379145.17809695576
736,lemahdj01,2013.0,COL,828737.3942837575
737,leonsa01,2013.0,WAS,569488.2052512611
738,lerouch01,2013.0,PIT,1596027.4413530878
739,lerudst01,2013.0,PHI,569488.2052512611
740,lestejo01,2013.0,BOS,3364131.9365933132
741,liddial01,2013.0,SEA,828737.3942837575
742,lillibr01,2013.0,NYA,2112183.1368996757
743,lillibr01,2013.0,CHN,2112183.1368996757
744,lillyte01,2013.0,LAN,6329038.679261513
745,limch01,2013.0,CHN,379145.17809695576
746,linceti01,2013.0,SFN,2708169.189868596
747,lincobr01,2013.0,TOR,1168428.5018255413
748,lindad01,2013.0,TOR,3364131.9365933132
749,lindbjo01,2013.0,TEX,828737.3942837575
750,lindsma01,2013.0,CHA,2708169.189868596
751,liriafr01,2013.0,PIT,4048771.3569343197
752,lobatjo01,2013.0,TBA,1596027.4413530878
753,loch02,2013.0,HOU,379145.17809695576
754,lockeje01,2013.0,PIT,828737.3942837575
755,loeka01,2013.0,SEA,4720918.347000988
756,loeka01,2013.0,ATL,4720918.347000988
757,loeka01,2013.0,CHN,4720918.347000988
758,loganbo02,2013.0,NYA,3364131.9365933132
759,lohseky01,2013.0,MIL,6189480.946286261
760,lombast02,2013.0,WAS,828737.3942837575
761,loneyja01,2013.0,TBA,3364131.9365933132
762,longoev01,2013.0,TBA,2112183.1368996757
763,lopezja02,2013.0,SFN,5333136.887685128
764,lopezwi01,2013.0,COL,1596027.4413530878
765,loughda01,2013.0,KCA,569488.2052512611
766,loupaa01,2013.0,TOR,569488.2052512611
767,lowede01,2013.0,TEX,5702079.7811821485
768,lowema01,2013.0,LAA,3364131.9365933132
769,lowrije01,2013.0,OAK,2112183.1368996757
770,lucased01,2013.0,MIA,379145.17809695576
771,lucrojo01,2013.0,MIL,1168428.5018255413
772,ludwiry01,2013.0,CIN,5837030.708956074
773,luekejo01,2013.0,TBA,828737.3942837575
774,luetglu01,2013.0,SEA,569488.2052512611
775,lutzdo01,2013.0,CIN,379145.17809695576
776,lutzza01,2013.0,NYN,569488.2052512611
777,lylesjo01,2013.0,HOU,828737.3942837575
778,lynnla01,2013.0,SLN,828737.3942837575
779,lyonbr01,2013.0,NYN,6189480.946286261
780,lyonsty01,2013.0,SLN,379145.17809695576
781,machama01,2013.0,BAL,569488.2052512611
782,machije01,2013.0,SFN,569488.2052512611
783,magilma01,2013.0,LAN,379145.17809695576
784,maholpa01,2013.0,ATL,4048771.3569343197
785,mahonjo01,2013.0,MIA,569488.2052512611
786,mainejo01,2013.0,MIA,4720918.347000988
787,maldoma01,2013.0,MIL,828737.3942837575
788,manesse01,2013.0,SLN,379145.17809695576
789,manshje01,2013.0,COL,1596027.4413530878
790,marcush01,2013.0,NYN,4048771.3569343197
791,marisja01,2013.0,MIA,379145.17809695576
792,markani01,2013.0,BAL,3364131.9365933132
793,marmoca01,2013.0,CHN,3364131.9365933132
794,marmoca01,2013.0,LAN,3364131.9365933132
795,maronni01,2013.0,LAA,569488.2052512611
796,marquja01,2013.0,SDN,6358716.865118625
797,marrech01,2013.0,WAS,828737.3942837575
798,marshbr01,2013.0,NYA,379145.17809695576
799,marshse01,2013.0,CIN,3364131.9365933132
800,marsolo01,2013.0,CLE,2112183.1368996757
801,marteal01,2013.0,ARI,379145.17809695576
802,martest01,2013.0,PIT,569488.2052512611
803,martevi01,2013.0,SLN,1596027.4413530878
804,martica04,2013.0,SLN,379145.17809695576
805,marticr01,2013.0,ATL,1596027.4413530878
806,martida02,2013.0,HOU,379145.17809695576
807,martiet01,2013.0,PHI,379145.17809695576
808,martife02,2013.0,HOU,1596027.4413530878
809,martijd02,2013.0,HOU,828737.3942837575
810,martijo07,2013.0,CLE,1596027.4413530878
811,martile01,2013.0,TEX,828737.3942837575
812,martimi02,2013.0,PHI,828737.3942837575
813,martiru01,2013.0,PIT,3364131.9365933132
814,martish01,2013.0,MIN,2112183.1368996757
815,martivi01,2013.0,DET,5837030.708956074
816,masteju01,2013.0,CLE,2112183.1368996757
817,mastrda01,2013.0,MIN,828737.3942837575
818,mathije01,2013.0,MIA,4048771.3569343197
819,matsuda01,2013.0,NYN,2708169.189868596
820,matthry01,2013.0,WAS,828737.3942837575
821,matusbr01,2013.0,BAL,1596027.4413530878
822,mauerjo01,2013.0,MIN,4720918.347000988
823,maurebr01,2013.0,SEA,379145.17809695576
824,maxweju01,2013.0,HOU,2708169.189868596
825,maxweju01,2013.0,KCA,2708169.189868596
826,mayayu01,2013.0,WAS,1168428.5018255413
827,maybejo02,2013.0,PHI,1596027.4413530878
828,maybica01,2013.0,SDN,2708169.189868596
829,mazzavi01,2013.0,PIT,1596027.4413530878
830,mcallza01,2013.0,CLE,828737.3942837575
831,mccanbr01,2013.0,ATL,4048771.3569343197
832,mccarbr01,2013.0,ARI,4048771.3569343197
833,mccleky01,2013.0,TEX,2112183.1368996757
834,mccutan01,2013.0,PIT,1596027.4413530878
835,mcdonda02,2013.0,CHN,4720918.347000988
836,mcdonja03,2013.0,PIT,2112183.1368996757
837,mcdonjo03,2013.0,BOS,6329038.679261513
838,mcdonjo03,2013.0,CLE,6329038.679261513
839,mcdonjo03,2013.0,PHI,6329038.679261513
840,mcdonjo03,2013.0,PIT,6329038.679261513
841,mcfartj01,2013.0,BAL,379145.17809695576
842,mcgeeja01,2013.0,TBA,1168428.5018255413
843,mcgowdu01,2013.0,TOR,4048771.3569343197
844,mcguich01,2013.0,TEX,379145.17809695576
845,mchugco01,2013.0,COL,569488.2052512611
846,mchugco01,2013.0,NYN,569488.2052512611
847,mckenmi01,2013.0,PIT,1168428.5018255413
848,mclouna01,2013.0,BAL,4048771.3569343197
849,medicto01,2013.0,SDN,379145.17809695576
850,medinyo01,2013.0,SEA,379145.17809695576
851,medlekr01,2013.0,ATL,1596027.4413530878
852,mejiaje01,2013.0,NYN,1168428.5018255413
853,melanma01,2013.0,PIT,1596027.4413530878
854,mendolu01,2013.0,KCA,2708169.189868596
855,mercejo03,2013.0,PIT,569488.2052512611
856,mesame01,2013.0,NYA,569488.2052512611
857,mesorde01,2013.0,CIN,828737.3942837575
858,middlwi01,2013.0,BOS,569488.2052512611
859,mijarjo01,2013.0,SFN,2112183.1368996757
860,mikolmi01,2013.0,SDN,569488.2052512611
861,mileywa01,2013.0,ARI,828737.3942837575
862,millean01,2013.0,BOS,3364131.9365933132
863,millebr02,2013.0,SEA,379145.17809695576
864,milleco01,2013.0,CIN,6189480.946286261
865,milleji02,2013.0,NYA,2112183.1368996757
866,millesh01,2013.0,SLN,569488.2052512611
867,milonto01,2013.0,OAK,828737.3942837575
868,minerza01,2013.0,PHI,3364131.9365933132
869,minormi01,2013.0,ATL,1168428.5018255413
870,molinjo01,2013.0,TBA,6329038.679261513
871,molinya01,2013.0,SLN,4720918.347000988
872,moneljo01,2013.0,SFN,379145.17809695576
873,monteje01,2013.0,SEA,828737.3942837575
874,montemi01,2013.0,ARI,3364131.9365933132
875,montzlu01,2013.0,OAK,2112183.1368996757
876,mooread01,2013.0,KCA,1596027.4413530878
877,moorema02,2013.0,TBA,828737.3942837575
878,moorety01,2013.0,WAS,569488.2052512611
879,moralfr01,2013.0,BOS,2708169.189868596
880,moralke01,2013.0,SEA,3364131.9365933132
881,morelbr01,2013.0,CHA,1168428.5018255413
882,morelmi01,2013.0,TEX,1168428.5018255413
883,morneju01,2013.0,MIN,5333136.887685128
884,morneju01,2013.0,PIT,5333136.887685128
885,morribr01,2013.0,PIT,569488.2052512611
886,morrilo01,2013.0,MIA,1168428.5018255413
887,morrobr01,2013.0,TOR,2708169.189868596
888,morsemi01,2013.0,BAL,4048771.3569343197
889,morsemi01,2013.0,SEA,4048771.3569343197
890,mortecl01,2013.0,BOS,1596027.4413530878
891,mortoch02,2013.0,PIT,2112183.1368996757
892,moscogu01,2013.0,SFN,1596027.4413530878
893,mossbr01,2013.0,OAK,2708169.189868596
894,moustmi01,2013.0,KCA,828737.3942837575
895,moylape01,2013.0,LAN,3364131.9365933132
896,mujiced01,2013.0,SLN,3364131.9365933132
897,murphda07,2013.0,TEX,3364131.9365933132
898,murphda08,2013.0,NYN,2112183.1368996757
899,murphdo01,2013.0,CHN,4720918.347000988
900,murphjr01,2013.0,NYA,379145.17809695576
901,myersbr01,2013.0,CLE,5837030.708956074
902,myerswi01,2013.0,TBA,379145.17809695576
903,napolmi01,2013.0,BOS,3364131.9365933132
904,narvech01,2013.0,MIL,3364131.9365933132
905,nathajo01,2013.0,TEX,6329038.679261513
906,navada01,2013.0,BOS,1168428.5018255413
907,navardi01,2013.0,CHN,4720918.347000988
908,navaref01,2013.0,LAA,828737.3942837575
909,navarya01,2013.0,BAL,1168428.5018255413
910,nealth01,2013.0,NYA,569488.2052512611
911,nealth01,2013.0,CHN,569488.2052512611
912,nelsoch01,2013.0,LAA,1168428.5018255413
913,nelsoch01,2013.0,NYA,1168428.5018255413
914,nelsoch01,2013.0,COL,1168428.5018255413
915,nelsoji02,2013.0,MIL,379145.17809695576
916,neshepa01,2013.0,OAK,3364131.9365933132
917,nicasju01,2013.0,COL,828737.3942837575
918,nickemi01,2013.0,TOR,1168428.5018255413
919,niesejo01,2013.0,NYN,2112183.1368996757
920,nieuwki01,2013.0,NYN,569488.2052512611
921,nievewi01,2013.0,ARI,5837030.708956074
922,nixja01,2013.0,NYA,2112183.1368996757
923,nixla01,2013.0,PHI,5333136.887685128
924,noesihe01,2013.0,SEA,828737.3942837575
925,nolasri01,2013.0,LAN,3364131.9365933132
926,nolasri01,2013.0,MIA,3364131.9365933132
927,nolinse01,2013.0,TOR,379145.17809695576
928,noonani01,2013.0,SFN,379145.17809695576
929,norribu01,2013.0,BAL,1596027.4413530878
930,norribu01,2013.0,HOU,1596027.4413530878
931,norride01,2013.0,OAK,569488.2052512611
932,novaiv01,2013.0,NYA,1168428.5018255413
933,nunezed02,2013.0,NYA,1168428.5018255413
934,nunovi01,2013.0,NYA,379145.17809695576
935,oberhbr01,2013.0,HOU,379145.17809695576
936,odayda01,2013.0,BAL,2112183.1368996757
937,odorija01,2013.0,TBA,569488.2052512611
938,oflaher01,2013.0,ATL,3364131.9365933132
939,ogandal01,2013.0,TEX,1168428.5018255413
940,ohlenro01,2013.0,WAS,2708169.189868596
941,okajihi01,2013.0,OAK,2708169.189868596
942,oliveda02,2013.0,TOR,3165632.014239402
943,olivomi01,2013.0,MIA,5837030.708956074
944,olmosed01,2013.0,MIA,379145.17809695576
945,omogrbr01,2013.0,CHA,569488.2052512611
946,ondrulo01,2013.0,CIN,1168428.5018255413
947,orrpe01,2013.0,PHI,4048771.3569343197
948,ortegjo01,2013.0,DET,569488.2052512611
949,ortizda01,2013.0,BOS,5702079.7811821485
950,ortizjo05,2013.0,TEX,379145.17809695576
951,ortizra01,2013.0,TOR,6329038.679261513
952,osullse01,2013.0,SDN,1596027.4413530878
953,oswalro01,2013.0,COL,6189480.946286261
954,oteroda01,2013.0,OAK,569488.2052512611
955,ottavad01,2013.0,COL,1168428.5018255413
956,outmajo01,2013.0,COL,2112183.1368996757
957,overbly01,2013.0,NYA,6189480.946286261
958,owingch01,2013.0,ARI,379145.17809695576
959,ozunama01,2013.0,MIA,379145.17809695576
960,pachejo01,2013.0,COL,828737.3942837575
961,paganan01,2013.0,SFN,3364131.9365933132
962,pagnoma01,2013.0,HOU,1596027.4413530878
963,papeljo01,2013.0,PHI,4048771.3569343197
964,paredji01,2013.0,HOU,828737.3942837575
965,parkebl01,2013.0,CHN,569488.2052512611
966,parkeja02,2013.0,OAK,828737.3942837575
967,parmech01,2013.0,MIN,828737.3942837575
968,parnebo01,2013.0,NYN,2112183.1368996757
969,parrage01,2013.0,ARI,1596027.4413530878
970,parrama01,2013.0,CIN,2708169.189868596
971,parrian01,2013.0,OAK,828737.3942837575
972,partccu01,2013.0,CIN,379145.17809695576
973,pastoty01,2013.0,ATL,569488.2052512611
974,paterjo01,2013.0,ARI,828737.3942837575
975,pattotr01,2013.0,BAL,2708169.189868596
976,paulxa01,2013.0,CIN,1596027.4413530878
977,paxtoja01,2013.0,SEA,379145.17809695576
978,peacobr01,2013.0,HOU,828737.3942837575
979,pearcst01,2013.0,BAL,2708169.189868596
980,peavyja01,2013.0,BOS,5837030.708956074
981,peavyja01,2013.0,CHA,5837030.708956074
982,pedrodu01,2013.0,BOS,3364131.9365933132
983,pegueca01,2013.0,SEA,828737.3942837575
984,peguefr01,2013.0,SFN,569488.2052512611
985,pelfrmi01,2013.0,MIN,3364131.9365933132
986,penabr01,2013.0,DET,4048771.3569343197
987,penaca01,2013.0,HOU,6189480.946286261
988,penaca01,2013.0,KCA,6189480.946286261
989,penara02,2013.0,ATL,1596027.4413530878
990,pencehu01,2013.0,SFN,2708169.189868596
991,pennicl01,2013.0,ARI,2112183.1368996757
992,peraljh01,2013.0,DET,5333136.887685128
993,peraljo01,2013.0,TBA,4048771.3569343197
994,peralwi01,2013.0,MIL,569488.2052512611
995,perezau01,2013.0,SLN,379145.17809695576
996,perezch01,2013.0,CLE,2112183.1368996757
997,perezeu01,2013.0,WAS,569488.2052512611
998,perezhe01,2013.0,DET,569488.2052512611
999,perezju01,2013.0,TOR,3364131.9365933132
1000,perezju02,2013.0,SFN,379145.17809695576
1001,perezlu01,2013.0,TOR,828737.3942837575
1002,perezma02,2013.0,TEX,569488.2052512611
1003,perezol01,2013.0,SEA,5837030.708956074
1004,perezsa02,2013.0,KCA,828737.3942837575
1005,perkigl01,2013.0,MIN,3364131.9365933132
1006,pestavi01,2013.0,CLE,1168428.5018255413
1007,peterbr02,2013.0,SLN,379145.17809695576
1008,petersh01,2013.0,OAK,379145.17809695576
1009,petityu01,2013.0,SFN,3364131.9365933132
1010,petrija01,2013.0,CHA,379145.17809695576
1011,pettian01,2013.0,NYA,4526274.09065059
1012,pettijo02,2013.0,PHI,379145.17809695576
1013,phegljo01,2013.0,CHA,379145.17809695576
1014,phelpco01,2013.0,CLE,828737.3942837575
1015,phelpda01,2013.0,NYA,569488.2052512611
1016,phillbr01,2013.0,CIN,5837030.708956074
1017,phillza01,2013.0,MIA,828737.3942837575
1018,piefe01,2013.0,PIT,2708169.189868596
1019,pierrju01,2013.0,MIA,6358716.865118625
1020,pierzaj01,2013.0,TEX,6103219.888720353
1021,pillake01,2013.0,TOR,379145.17809695576
1022,pillbr01,2013.0,SFN,828737.3942837575
1023,pimenst01,2013.0,PIT,379145.17809695576
1024,pintojo01,2013.0,MIN,379145.17809695576
1025,plouftr01,2013.0,MIN,1168428.5018255413
1026,polanpl01,2013.0,MIA,6103219.888720353
1027,polloaj01,2013.0,ARI,569488.2052512611
1028,pomerdr01,2013.0,COL,828737.3942837575
1029,porceri01,2013.0,DET,1596027.4413530878
1030,poseybu01,2013.0,SFN,1596027.4413530878
1031,pradoma01,2013.0,ARI,3364131.9365933132
1032,preslal01,2013.0,MIN,1168428.5018255413
1033,preslal01,2013.0,PIT,1168428.5018255413
1034,pressry01,2013.0,MIN,379145.17809695576
1035,priceda01,2013.0,TBA,2112183.1368996757
1036,pridija01,2013.0,BAL,2112183.1368996757
1037,princjo01,2013.0,MIL,379145.17809695576
1038,profaju01,2013.0,TEX,569488.2052512611
1039,pryorst01,2013.0,SEA,569488.2052512611
1040,puigya01,2013.0,LAN,379145.17809695576
1041,pujolal01,2013.0,LAA,6189480.946286261
1042,puntoni01,2013.0,LAN,6189480.946286261
1043,purceda01,2013.0,CHA,2112183.1368996757
1044,putkolu01,2013.0,DET,569488.2052512611
1045,putnaza01,2013.0,CHN,828737.3942837575
1046,putzjj01,2013.0,ARI,5333136.887685128
1047,quallch01,2013.0,MIA,4720918.347000988
1048,quentca01,2013.0,SDN,3364131.9365933132
1049,quinthu01,2013.0,SEA,5333136.887685128
1050,quinthu01,2013.0,PHI,5333136.887685128
1051,quintjo01,2013.0,CHA,569488.2052512611
1052,quintom01,2013.0,NYN,4048771.3569343197
1053,quirogu01,2013.0,SFN,4720918.347000988
1054,raburry01,2013.0,CLE,4720918.347000988
1055,raleybr01,2013.0,CHN,569488.2052512611
1056,ramiral03,2013.0,CHA,2112183.1368996757
1057,ramirar01,2013.0,MIL,6103219.888720353
1058,ramirer02,2013.0,SEA,569488.2052512611
1059,ramirha01,2013.0,LAN,4048771.3569343197
1060,ramirjc01,2013.0,PHI,379145.17809695576
1061,ramirjo01,2013.0,CLE,379145.17809695576
1062,ramirra02,2013.0,SFN,3364131.9365933132
1063,ramirwi01,2013.0,MIN,1596027.4413530878
1064,ramosaj01,2013.0,MIA,569488.2052512611
1065,ramosce01,2013.0,TBA,1596027.4413530878
1066,ramoswi01,2013.0,WAS,1168428.5018255413
1067,ransoco01,2013.0,CHN,6189480.946286261
1068,ransoco01,2013.0,SDN,6189480.946286261
1069,rapadcl01,2013.0,CLE,2708169.189868596
1070,rasmuco01,2013.0,TOR,1596027.4413530878
1071,rasmuco02,2013.0,LAA,379145.17809695576
1072,rasmuco02,2013.0,ATL,379145.17809695576
1073,rauchjo01,2013.0,MIA,5837030.708956074
1074,reckean01,2013.0,NYN,828737.3942837575
1075,reddijo01,2013.0,OAK,1596027.4413530878
1076,redmoto01,2013.0,TOR,569488.2052512611
1077,reedad01,2013.0,CHA,828737.3942837575
1078,reedev01,2013.0,DET,379145.17809695576
1079,reidry01,2013.0,PIT,379145.17809695576
1080,reimono01,2013.0,BAL,1596027.4413530878
1081,rendoan01,2013.0,WAS,379145.17809695576
1082,resopch01,2013.0,OAK,4048771.3569343197
1083,reverbe01,2013.0,PHI,1168428.5018255413
1084,reyesjo01,2013.0,TOR,5333136.887685128
1085,reynogr01,2013.0,CIN,2112183.1368996757
1086,reynoma01,2013.0,CLE,2708169.189868596
1087,reynoma01,2013.0,NYA,2708169.189868596
1088,reynoma01,2013.0,ARI,2708169.189868596
1089,reynoma02,2013.0,ARI,1168428.5018255413
1090,ricesc01,2013.0,NYN,379145.17809695576
1091,richacl01,2013.0,SDN,2112183.1368996757
1092,richaga01,2013.0,LAA,828737.3942837575
1093,rienzan01,2013.0,CHA,379145.17809695576
1094,riosal01,2013.0,CHA,4720918.347000988
1095,riosal01,2013.0,TEX,4720918.347000988
1096,riverma01,2013.0,NYA,4526274.09065059
1097,riverre01,2013.0,SDN,4720918.347000988
1098,rizzoan01,2013.0,CHN,828737.3942837575
1099,roarkta01,2013.0,WAS,379145.17809695576
1100,roberbr01,2013.0,BAL,6189480.946286261
1101,roberda08,2013.0,NYA,2112183.1368996757
1102,roberry01,2013.0,TBA,3364131.9365933132
1103,roberty01,2013.0,MIN,569488.2052512611
1104,robinch02,2013.0,SDN,379145.17809695576
1105,robinde02,2013.0,CIN,379145.17809695576
1106,robinsh01,2013.0,SLN,1596027.4413530878
1107,roblema01,2013.0,PHI,379145.17809695576
1108,rodnefe01,2013.0,TBA,5837030.708956074
1109,rodrial01,2013.0,NYA,3845688.7943590754
1110,rodrifr03,2013.0,BAL,5837030.708956074
1111,rodrifr03,2013.0,MIL,5837030.708956074
1112,rodrihe03,2013.0,WAS,1596027.4413530878
1113,rodrihe04,2013.0,CIN,569488.2052512611
1114,rodrise01,2013.0,TBA,2112183.1368996757
1115,rodrist02,2013.0,LAN,569488.2052512611
1116,rodriwa01,2013.0,PIT,4048771.3569343197
1117,roech01,2013.0,ARI,379145.17809695576
1118,roenijo01,2013.0,MIN,2112183.1368996757
1119,rogeres01,2013.0,TOR,1596027.4413530878
1120,rolliji01,2013.0,PHI,6358716.865118625
1121,romeren01,2013.0,TBA,379145.17809695576
1122,romerri01,2013.0,TOR,1596027.4413530878
1123,rominan01,2013.0,LAA,1168428.5018255413
1124,rominau01,2013.0,NYA,828737.3942837575
1125,romose01,2013.0,SFN,2112183.1368996757
1126,rondobr01,2013.0,DET,379145.17809695576
1127,rondohe01,2013.0,CHN,379145.17809695576
1128,rosalad01,2013.0,OAK,2112183.1368996757
1129,rosalad01,2013.0,TEX,2112183.1368996757
1130,rosarsa02,2013.0,SFN,1168428.5018255413
1131,rosarwi01,2013.0,COL,828737.3942837575
1132,rosenbj01,2013.0,PHI,569488.2052512611
1133,rosentr01,2013.0,SLN,569488.2052512611
1134,rossco01,2013.0,ARI,5333136.887685128
1135,rosscza01,2013.0,CHN,379145.17809695576
1136,rossda01,2013.0,BOS,5837030.708956074
1137,rossro01,2013.0,TEX,569488.2052512611
1138,rossty01,2013.0,SDN,1168428.5018255413
1139,rothmi01,2013.0,LAA,379145.17809695576
1140,rufda01,2013.0,PHI,569488.2052512611
1141,ruffich01,2013.0,SEA,828737.3942837575
1142,ruggiju01,2013.0,MIA,2708169.189868596
1143,ruizca01,2013.0,PHI,3364131.9365933132
1144,ruppca01,2013.0,PHI,379145.17809695576
1145,rusinch01,2013.0,CHN,569488.2052512611
1146,russeja02,2013.0,CHN,1168428.5018255413
1147,rutlejo01,2013.0,COL,569488.2052512611
1148,ryanbr01,2013.0,NYA,2708169.189868596
1149,ryanbr01,2013.0,SEA,2708169.189868596
1150,ryuhy01,2013.0,LAN,379145.17809695576
1151,rzepcma01,2013.0,CLE,1596027.4413530878
1152,rzepcma01,2013.0,SLN,1596027.4413530878
1153,sabatcc01,2013.0,NYA,6189480.946286261
1154,salasfe01,2013.0,SLN,1168428.5018255413
1155,salazda01,2013.0,CLE,379145.17809695576
1156,salech01,2013.0,CHA,1168428.5018255413
1157,saltaja01,2013.0,BOS,2708169.189868596
1158,samarje01,2013.0,CHN,2112183.1368996757
1159,sanabal01,2013.0,MIA,1168428.5018255413
1160,sanchan01,2013.0,DET,3364131.9365933132
1161,sanchan02,2013.0,CHA,3364131.9365933132
1162,sanched01,2013.0,CHN,828737.3942837575
1163,sanchga01,2013.0,PIT,2112183.1368996757
1164,sanchhe01,2013.0,SFN,828737.3942837575
1165,sanchjo01,2013.0,PIT,3364131.9365933132
1166,sanchto01,2013.0,PIT,379145.17809695576
1167,sandopa01,2013.0,SFN,2112183.1368996757
1168,santaca01,2013.0,CLE,1168428.5018255413
1169,santaer01,2013.0,KCA,4048771.3569343197
1170,santihe01,2013.0,CHA,828737.3942837575
1171,santira01,2013.0,DET,5837030.708956074
1172,santoom01,2013.0,CLE,2112183.1368996757
1173,santose01,2013.0,TOR,1168428.5018255413
1174,sappeda01,2013.0,CHN,828737.3942837575
1175,satinjo01,2013.0,NYN,828737.3942837575
1176,saundjo01,2013.0,SEA,4048771.3569343197
1177,saundmi01,2013.0,SEA,1596027.4413530878
1178,saverjo01,2013.0,PHI,828737.3942837575
1179,scahiro01,2013.0,COL,569488.2052512611
1180,schafjo02,2013.0,ATL,1596027.4413530878
1181,schaflo01,2013.0,MIL,828737.3942837575
1182,schepta01,2013.0,TEX,569488.2052512611
1183,scherma01,2013.0,DET,2112183.1368996757
1184,schiena01,2013.0,CHN,2708169.189868596
1185,schoojo01,2013.0,BAL,379145.17809695576
1186,schumsk01,2013.0,LAN,4048771.3569343197
1187,scottlu01,2013.0,TBA,4048771.3569343197
1188,scribev01,2013.0,OAK,828737.3942837575
1189,scutama01,2013.0,SFN,5837030.708956074
1190,seageky01,2013.0,SEA,828737.3942837575
1191,segurje01,2013.0,MIL,569488.2052512611
1192,selleju01,2013.0,LAN,828737.3942837575
1193,semiema01,2013.0,CHA,379145.17809695576
1194,shawbr01,2013.0,CLE,828737.3942837575
1195,shielja02,2013.0,KCA,3364131.9365933132
1196,shoemma01,2013.0,LAA,379145.17809695576
1197,shoppke01,2013.0,CLE,4048771.3569343197
1198,shoppke01,2013.0,SEA,4048771.3569343197
1199,shuckja01,2013.0,LAA,828737.3942837575
1200,siegrke01,2013.0,SLN,379145.17809695576
1201,sierrmo01,2013.0,TOR,569488.2052512611
1202,simmoan01,2013.0,ATL,569488.2052512611
1203,simonal01,2013.0,CIN,2112183.1368996757
1204,sippto01,2013.0,ARI,1596027.4413530878
1205,sizemsc01,2013.0,OAK,1168428.5018255413
1206,skaggty01,2013.0,ARI,569488.2052512611
1207,skipwky01,2013.0,MIA,379145.17809695576
1208,sloweke01,2013.0,MIA,2708169.189868596
1209,smithbu03,2013.0,SDN,379145.17809695576
1210,smithjo05,2013.0,CLE,2708169.189868596
1211,smithse01,2013.0,OAK,2708169.189868596
1212,smithwi04,2013.0,KCA,569488.2052512611
1213,smoakju01,2013.0,SEA,1168428.5018255413
1214,smylydr01,2013.0,DET,569488.2052512611
1215,snidetr01,2013.0,PIT,2112183.1368996757
1216,snydebr03,2013.0,BOS,1168428.5018255413
1217,snydech02,2013.0,BAL,4720918.347000988
1218,sogarer01,2013.0,OAK,1168428.5018255413
1219,solando01,2013.0,MIA,569488.2052512611
1220,solanjh01,2013.0,WAS,569488.2052512611
1221,soriaal01,2013.0,NYA,6329038.679261513
1222,soriaal01,2013.0,CHN,6329038.679261513
1223,soriajo01,2013.0,TEX,2708169.189868596
1224,soriara01,2013.0,WAS,5837030.708956074
1225,sotoge01,2013.0,TEX,4048771.3569343197
1226,sotone01,2013.0,CIN,379145.17809695576
1227,spande01,2013.0,WAS,2112183.1368996757
1228,spruize01,2013.0,ARI,379145.17809695576
1229,stammcr01,2013.0,WAS,1596027.4413530878
1230,stangda01,2013.0,LAA,1168428.5018255413
1231,stantmi03,2013.0,MIA,1168428.5018255413
1232,stassma01,2013.0,HOU,379145.17809695576
1233,staufti01,2013.0,SDN,4048771.3569343197
1234,stewach01,2013.0,NYA,3364131.9365933132
1235,stinsjo01,2013.0,BAL,828737.3942837575
1236,storedr01,2013.0,WAS,1168428.5018255413
1237,storemi01,2013.0,TOR,569488.2052512611
1238,straida01,2013.0,OAK,569488.2052512611
1239,strasst01,2013.0,WAS,1168428.5018255413
1240,streehu01,2013.0,SDN,4048771.3569343197
1241,stroppe01,2013.0,BAL,1596027.4413530878
1242,stroppe01,2013.0,CHN,1596027.4413530878
1243,stubbdr01,2013.0,CLE,1596027.4413530878
1244,stulter01,2013.0,SDN,3364131.9365933132
1245,stutemi01,2013.0,PHI,828737.3942837575
1246,sucreje01,2013.0,SEA,379145.17809695576
1247,surkaer01,2013.0,SFN,828737.3942837575
1248,susdost01,2013.0,PHI,379145.17809695576
1249,suzukic01,2013.0,NYA,6189480.946286261
1250,suzukku01,2013.0,OAK,2708169.189868596
1251,suzukku01,2013.0,WAS,2708169.189868596
1252,swarzan01,2013.0,MIN,1596027.4413530878
1253,sweenry01,2013.0,CHN,3364131.9365933132
1254,swishni01,2013.0,CLE,4720918.347000988
1255,tabatjo01,2013.0,PIT,1168428.5018255413
1256,takahhi01,2013.0,CHN,1168428.5018255413
1257,tanakke01,2013.0,SFN,379145.17809695576
1258,taylomi01,2013.0,OAK,828737.3942837575
1259,tazawju01,2013.0,BOS,1596027.4413530878
1260,teafoev01,2013.0,KCA,828737.3942837575
1261,teagata01,2013.0,BAL,2112183.1368996757
1262,teherju01,2013.0,ATL,828737.3942837575
1263,teixema01,2013.0,NYA,5333136.887685128
1264,tejadmi01,2013.0,KCA,5702079.7811821485
1265,tejadru01,2013.0,NYN,1168428.5018255413
1266,tekotbl01,2013.0,CHA,828737.3942837575
1267,tepesni01,2013.0,TEX,379145.17809695576
1268,terdojo01,2013.0,ATL,379145.17809695576
1269,thatcjo01,2013.0,ARI,2708169.189868596
1270,thatcjo01,2013.0,SDN,2708169.189868596
1271,thayeda01,2013.0,SDN,1596027.4413530878
1272,thielca01,2013.0,MIN,379145.17809695576
1273,tholejo01,2013.0,TOR,1596027.4413530878
1274,thomacl02,2013.0,MIN,2112183.1368996757
1275,thornma01,2013.0,BOS,4720918.347000988
1276,thornma01,2013.0,CHA,4720918.347000988
1277,thornty01,2013.0,MIL,569488.2052512611
1278,tillmch01,2013.0,BAL,1596027.4413530878
1279,tollesh01,2013.0,LAN,569488.2052512611
1280,tomlijo01,2013.0,CLE,1168428.5018255413
1281,tonkimi01,2013.0,MIN,379145.17809695576
1282,torreal01,2013.0,TBA,828737.3942837575
1283,torrean02,2013.0,SFN,5837030.708956074
1284,torreca01,2013.0,NYN,1596027.4413530878
1285,torreyo01,2013.0,COL,6189480.946286261
1286,tovarwi01,2013.0,NYN,379145.17809695576
1287,tracych01,2013.0,WAS,4720918.347000988
1288,triunca01,2013.0,SEA,569488.2052512611
1289,troncra01,2013.0,CHA,2112183.1368996757
1290,troutmi01,2013.0,LAA,828737.3942837575
1291,trumbma01,2013.0,LAA,1168428.5018255413
1292,tuiasma01,2013.0,DET,2112183.1368996757
1293,tulowtr01,2013.0,COL,3364131.9365933132
1294,turneja01,2013.0,MIA,828737.3942837575
1295,turneju01,2013.0,NYN,1596027.4413530878
1296,ueharko01,2013.0,BOS,1596027.4413530878
1297,ugglada01,2013.0,ATL,3364131.9365933132
1298,uptonbj01,2013.0,ATL,4720918.347000988
1299,uptonju01,2013.0,ATL,2708169.189868596
1300,uribeju01,2013.0,LAN,6189480.946286261
1301,urruthe01,2013.0,BAL,379145.17809695576
1302,utleych01,2013.0,PHI,5333136.887685128
1303,valaich01,2013.0,MIA,1168428.5018255413
1304,valbulu01,2013.0,CHN,2112183.1368996757
1305,valdejo02,2013.0,NYN,569488.2052512611
1306,valdelu01,2013.0,BAL,1596027.4413530878
1307,valdera02,2013.0,PHI,1168428.5018255413
1308,valenda01,2013.0,BAL,1168428.5018255413
1309,valvejo01,2013.0,DET,5333136.887685128
1310,vanslsc01,2013.0,LAN,569488.2052512611
1311,vargaja01,2013.0,LAA,4048771.3569343197
1312,varvaan01,2013.0,ATL,1168428.5018255413
1313,vealdo01,2013.0,CHA,1596027.4413530878
1314,velazgi01,2013.0,MIA,2112183.1368996757
1315,venabwi01,2013.0,SDN,2112183.1368996757
1316,ventuyo01,2013.0,KCA,379145.17809695576
1317,verasjo01,2013.0,DET,3364131.9365933132
1318,verasjo01,2013.0,HOU,3364131.9365933132
1319,verlaju01,2013.0,DET,4048771.3569343197
1320,vicieda01,2013.0,CHA,1168428.5018255413
1321,victosh01,2013.0,BOS,5333136.887685128
1322,villabr02,2013.0,BOS,828737.3942837575
1323,villabr02,2013.0,DET,828737.3942837575
1324,villaca01,2013.0,CHN,3364131.9365933132
1325,villajo01,2013.0,HOU,379145.17809695576
1326,villape01,2013.0,CIN,569488.2052512611
1327,vinceni01,2013.0,SDN,569488.2052512611
1328,vogelry01,2013.0,SFN,6358716.865118625
1329,vogtst01,2013.0,OAK,569488.2052512611
1330,volqued01,2013.0,LAN,4048771.3569343197
1331,volqued01,2013.0,SDN,4048771.3569343197
1332,volstch01,2013.0,COL,2112183.1368996757
1333,vottojo01,2013.0,CIN,2708169.189868596
1334,wachami01,2013.0,SLN,379145.17809695576
1335,wagnene01,2013.0,TOR,828737.3942837575
1336,wainwad01,2013.0,SLN,4048771.3569343197
1337,waldejo01,2013.0,ATL,1168428.5018255413
1338,walkene01,2013.0,PIT,1596027.4413530878
1339,walketa01,2013.0,SEA,379145.17809695576
1340,wallabr01,2013.0,HOU,1168428.5018255413
1341,walljo02,2013.0,LAN,569488.2052512611
1342,waltepj01,2013.0,MIN,1596027.4413530878
1343,walteza01,2013.0,WAS,379145.17809695576
1344,wangch01,2013.0,TOR,4048771.3569343197
1345,warread01,2013.0,NYA,569488.2052512611
1346,watkilo01,2013.0,CHN,379145.17809695576
1347,watsoto01,2013.0,PIT,828737.3942837575
1348,weaveje02,2013.0,LAA,3364131.9365933132
1349,webbda01,2013.0,CHA,379145.17809695576
1350,webbry01,2013.0,MIA,1596027.4413530878
1351,weberth01,2013.0,TOR,569488.2052512611
1352,weberth01,2013.0,SDN,569488.2052512611
1353,webstal01,2013.0,BOS,379145.17809695576
1354,weeksje01,2013.0,OAK,828737.3942837575
1355,weeksri01,2013.0,MIL,5333136.887685128
1356,welkedu01,2013.0,PIT,379145.17809695576
1357,wellsca01,2013.0,CHA,1168428.5018255413
1358,wellsca01,2013.0,OAK,1168428.5018255413
1359,wellsca01,2013.0,PHI,1168428.5018255413
1360,wellsve01,2013.0,NYA,6329038.679261513
1361,werthja01,2013.0,WAS,5837030.708956074
1362,westbja01,2013.0,SLN,6358716.865118625
1363,wheelry01,2013.0,COL,569488.2052512611
1364,wheelza01,2013.0,NYN,379145.17809695576
1365,wietema01,2013.0,BAL,1596027.4413530878
1366,wiggity01,2013.0,SLN,5837030.708956074
1367,wilheto01,2013.0,SEA,828737.3942837575
1368,willije01,2013.0,LAA,6329038.679261513
1369,willijo03,2013.0,MIN,4720918.347000988
1370,wilsoal01,2013.0,BOS,379145.17809695576
1371,wilsobr01,2013.0,LAN,3364131.9365933132
1372,wilsocj01,2013.0,LAA,4048771.3569343197
1373,wilsojo03,2013.0,ARI,4048771.3569343197
1374,wilsoju10,2013.0,PIT,569488.2052512611
1375,wisede01,2013.0,CHA,6358716.865118625
1376,withrch01,2013.0,LAN,379145.17809695576
1377,wolfro01,2013.0,TEX,2708169.189868596
1378,wongko01,2013.0,SLN,379145.17809695576
1379,woodal02,2013.0,ATL,379145.17809695576
1380,woodbl01,2013.0,CLE,1168428.5018255413
1381,woodtr01,2013.0,CHN,1168428.5018255413
1382,wootero01,2013.0,MIL,379145.17809695576
1383,workmbr01,2013.0,BOS,379145.17809695576
1384,worleva01,2013.0,MIN,1168428.5018255413
1385,worthda01,2013.0,DET,1168428.5018255413
1386,wrighda03,2013.0,NYN,4720918.347000988
1387,wrighja01,2013.0,TBA,5161317.395835876
1388,wrighst01,2013.0,BOS,379145.17809695576
1389,wrighwe01,2013.0,HOU,2112183.1368996757
1390,wrighwe01,2013.0,TBA,2112183.1368996757
1391,yelicch01,2013.0,MIA,379145.17809695576
1392,youklke01,2013.0,NYA,4720918.347000988
1393,youngch04,2013.0,OAK,3364131.9365933132
1394,youngde03,2013.0,TBA,3364131.9365933132
1395,youngde03,2013.0,PHI,3364131.9365933132
1396,younger03,2013.0,COL,1596027.4413530878
1397,younger03,2013.0,NYN,1596027.4413530878
1398,youngmi02,2013.0,LAN,6358716.865118625
1399,youngmi02,2013.0,PHI,6358716.865118625
1400,zagurmi01,2013.0,NYA,2708169.189868596
1401,zagurmi01,2013.0,PIT,2708169.189868596
1402,zeidjo01,2013.0,HOU,379145.17809695576
1403,zieglbr01,2013.0,ARI,2112183.1368996757
1404,zimmejo02,2013.0,WAS,1596027.4413530878
1405,zimmery01,2013.0,WAS,4048771.3569343197
1406,zitoba01,2013.0,SFN,6358716.865118625
1407,zobribe01,2013.0,TBA,3364131.9365933132
1408,zuninmi01,2013.0,SEA,379145.17809695576
