playerID,predicted_salary
aardsda01,843956.8639014737
abadfe01,1436016.4745891325
abreuto01,889318.5591348414
aceveal01,769572.2635861516
ackledu01,999197.9052153662
adamsda02,1013808.1379368147
adamsma01,745961.8236231852
adamsmi03,899184.7904908728
adducji02,756917.0764344832
adriaeh01,755794.6948287474
affelje01,1270023.991018869
alberan01,2224215.3431194117
alberma01,729508.5250776237
albural01,714740.0679631046
allenco01,668075.4531997653
almonab01,928574.8871297551
almonzo01,1008185.0972386226
alonsyo01,2402563.4374768045
altuvjo01,3138264.9749876787
alvarhe01,3417922.7477046754
alvarjo02,1221929.2599569084
alvarpe01,2005317.3325063658
amarial01,439820.8441426136
ambrihe01,841575.8912056484
amesst01,1113784.668893239
anderbr04,1613197.2841018562
anderbr05,878689.8686611942
andinro01,778944.9390316089
andruel01,4038094.169708906
ankieri01,469100.8607193253
ankieri01,661685.3572728826
aokino01,4143657.1983674513
archech01,3440902.783003375
arciaos01,767698.8876774103
arenano01,1544589.2112723882
arencjp01,385487.9790743272
ariasjo01,295286.9563874591
arrieja01,1159717.5138059298
arrieja01,1002373.7053392273
arroybr01,3733264.138983881
ascheco01,977224.5233019667
atchisc01,851501.6719049035
aumonph01,1227141.8922405203
avilaal01,720573.6828886011
avilalu01,761616.3743334989
avilemi01,2059909.7529178355
axelrdy01,1079068.2934675198
axforjo01,263644.33810399513
axforjo01,744034.9440890937
ayalalu01,816429.9764981365
ayalalu01,360702.8685132188
aybarer01,2369619.297853833
badenbu01,712818.0802775
bailean01,1093707.4947376829
baileho02,7492959.819961962
bakerje03,1167604.126941332
bakerjo01,1094474.5495861655
bakersc02,1036503.9449562886
balfogr01,1915684.7668223388
bantzbr01,950862.2262196788
bardda01,1051234.6446055472
barmecl01,743266.6817035007
barnebr02,588438.496902921
barneda01,11101119.58754711
barnesc01,906775.713354118
bartoda02,1213721.871463208
bassan01,761827.7726109005
bastaan01,874046.9428385242
bauertr01,916616.9041134557
bautijo02,8827296.696747154
baxtemi01,794665.4023564089
bayja01,1484021.8500964385
beachbr01,1059936.0523946297
beatope01,1152307.972966102
beavabl01,1605278.3163388015
beckejo02,1653237.4212980121
beckhgo01,1298536.7621181414
beckhti01,941409.797492101
bedarer01,2082469.548376811
belfimi01,950792.1646594967
belisma01,1246700.367886981
belisro01,1108968.1255781741
belivje01,932362.9685092557
bellhe01,1387407.4147822787
belowdu01,1139443.993385836
beltbr01,1027357.6881114908
beltrad01,6361382.995832857
beltrca01,4118965.238536259
beltren01,795412.0024049086
benoijo01,1770015.2117941475
berkmla01,2057606.9713228534
bernaro01,615606.0406853309
bernaro01,295720.24180549005
bernido01,869002.5399076523
berryqu01,864463.5736672237
betande01,1475855.731014257
betanra01,2033194.7438485574
betanyu01,837368.9910697805
betemwi01,1079422.4878581457
bethach01,985920.1288280248
bettich01,1008951.7759473135
biancje01,339431.77439456753
billich01,1034642.5072243938
blackch02,451895.6413789629
blacktr01,249709.90652584576
blacktr01,746733.1702373021
blackvi01,650212.7405974694
blackvi01,1006376.0539889036
blancgr01,1255310.5280202508
blanche01,495672.02371548227
blanche01,855438.5837945921
blankky01,699747.7537141441
blantjo01,1931661.1838130977
blazemi01,1059113.2387652392
blazemi01,967265.0251938751
blevije01,612619.1070721669
bloomwi01,932213.975686867
boescbr01,1045842.7051405929
bogaexa01,957604.0576064934
boggsmi01,853976.5974060686
boggsmi01,854440.9349784987
bogusbr01,1113306.905032895
bondeje01,696186.4816221838
bondeje01,1022915.8657295376
bonifem01,376621.61410704243
bonifem01,105824.91426300276
bootcch01,1007229.6600691376
borboju01,930739.1418639153
borboju01,467738.36700399284
boscajc01,971852.3780304453
boshebu01,878825.3646757049
bourgja01,902613.3876370365
bourjpe01,1133874.3337200747
bournmi01,966801.019168699
bowdemi01,950385.2519344134
boxbebr01,891860.7202999027
brachbr01,574346.5251621659
bradlja02,1021275.3968375066
brantmi02,3939792.6908339686
brantro01,821600.4354191574
brasiry01,870254.7921468833
braunry02,1991617.389571102
breslcr01,587658.0686447081
brewech01,967271.4906963981
brignre01,670495.1327641467
brignre01,685920.0007295475
brittdr01,919853.4036629251
brittza01,1066268.4507251764
brothre01,1009753.2387891618
brownan02,708655.8554387577
brownco01,1176549.3865927067
browndo01,2630434.632139182
brownjo05,1006607.2086576534
broxtjo01,1448206.533146233
bruceja01,5371070.411998225
buchhcl01,1382095.6955329957
buckjo01,375707.28384999087
buckjo01,956847.4077513957
bucknbi02,743336.4737850304
buehrma01,5893705.925885182
buenofr01,1024756.4808951034
bumgama01,3644460.9454411357
burgohi01,1221783.436116631
burkegr01,1141104.4318648155
burneaj01,3667432.9719277327
burneal01,1056553.6515472392
burneal01,1037197.6446963669
burnese01,758492.3838496476
burnsco01,845567.3420121032
burtoja01,1614100.8421245033
bushda01,878920.9650446876
bussni01,886520.2987836797
buterdr01,899617.7959822622
buterdr01,802536.1937523125
butlebi03,14440479.604216643
butlejo04,1036245.3477639436
butleke01,926559.5072806521
byrdati01,855686.8110956751
byrdma01,253634.99822388316
byrdma01,882165.0221473331
cabrace01,1070143.4175091814
cabreal03,968361.0438874406
cabreas01,3828964.9537985115
cabreev01,957212.5386399231
cabreme01,1749342.8359069417
cabremi01,30271381.119079005
cahiltr01,1385035.017314501
cainlo01,1875701.2879232515
cainma01,4478447.708487496
calhoko01,1178861.819152697
callaal01,572104.2119211063
callaal01,805679.8494852476
caminar01,1132585.0389614492
campato01,604433.4648217177
campsh01,737489.045173993
canoro01,17614974.556129392
cappsca01,798251.153808565
capuach01,1988693.6311982372
carmofa01,2120422.4794616792
carpeda01,776339.8043192626
carpeda02,817917.1170372068
carpema01,2049318.2440680317
carpmi01,1095813.6545514264
carraca01,1391708.5095625352
carreez01,898186.7856731436
carreez01,825124.8842958636
carroja01,795828.8975451195
carroja01,306172.6632383779
carsoma01,736842.2659655723
carsoro01,939267.277876031
cartech02,1305224.9507187076
cashnan01,3004273.7142628394
casilal01,845176.659499275
casteal01,914276.8505469423
casteni01,887200.057562512
castiwe01,902629.2362919737
castrja01,982364.052718227
castrsi01,1223336.4186116168
castrst01,1487992.4482605695
cecilbr01,947842.4643553331
cedenro02,278526.889433848
cedenro02,459633.7419419297
cedenxa01,879980.5795079455
cedenxa01,768361.3123323328
centeju01,767507.2219285503
cervefr01,913659.4704406398
cespeyo01,2841279.2186235497
chacijh01,3641616.1039570863
chambad01,690067.3100807467
chambjo03,980278.5269761242
chapmar01,2613543.5921700518
chapmke02,878463.627321284
chatwty01,817424.0241493366
chaveen01,505014.36951670103
chaveer01,2092455.4967358145
chaveje01,1129005.7909607852
chenbr01,1606080.2242043568
chenwe02,1650668.4483032261
chiriro01,987967.7206421959
chiselo01,1175101.6693618672
choatra01,1009895.0151487928
choicmi01,1004637.6023136757
choosh01,10265272.118122512
chrisni01,904961.1059270947
cingrto01,1111509.980241158
ciriape01,425833.1212731906
ciriape01,776967.9167397514
ciriape01,595764.7111852602
cishest01,3331810.012457217
cisnejo01,923741.2181557276
claibpr01,1042275.5686964513
clarkco01,710089.046320609
clarkza01,982429.3134153881
clemepa02,880764.346140059
cletoma01,1221093.412379069
clevest01,823072.2392275509
clevest01,890887.209493886
clippty01,897935.2557279749
cloydty01,1868861.7707864598
cobbal01,1293540.3891332396
coellro01,1446091.827004416
coghlch01,681913.6704754598
cokeph01,1294210.8037742015
colabch01,974978.4286434338
colege01,1862336.2058965436
colemlo01,832984.2548166696
colliti01,924384.8433979778
collmjo01,1388815.3070641065
colomal01,749203.5537857271
colonba01,13149468.526280053
colvity01,1191963.8811096083
congeha01,558487.1009651886
constjo01,609483.2174915898
contrjo01,1197772.3098845806
cookry01,1156729.037802059
corbipa01,3400113.4232024252
corpama01,727424.1125896221
corpoca01,841442.2921482505
correke01,2097499.1544919065
cosarja01,675198.0097931375
cottsne01,1023336.4215355923
cousisc01,966525.648556657
cowgico01,213237.4829626077
cowgico01,651647.1424193055
cozarza01,3325296.3179516513
craigal01,2183867.349506683
crainje01,1166673.1705611472
crawfbr01,2222619.534086491
crawfca02,1438962.3778240029
crispco01,8419202.04415123
crowaa01,716121.1305925942
crowetr01,575636.9882846946
cruzlu01,750155.8696259549
cruzlu01,534871.0078441557
cruzne02,3982745.885911709
cruzrh01,932374.2498815288
cruzto03,1118397.2533498905
cuddymi01,2832308.467490914
cuetojo01,1310963.3867105332
culbech01,816472.4446833117
cumptbr01,1390404.3554191724
cunnito01,923085.5179778547
curtije01,917277.7227395113
daleyma01,1028272.901640183
danksjo01,1817183.3896005896
danksjo02,623981.5118443095
darnatr01,953249.1586251043
darviyu01,2241968.472556363
davidma02,1100888.2929302612
davisch02,2479898.0567280827
daviser02,944039.5784082715
davisik02,1446807.6209543252
daviskh01,1359398.8714740772
davisra01,840013.4996396608
daviswa01,1591137.457557193
deazaal01,648459.222087115
deckeja01,929478.4553070996
dedunsa01,1181712.198947991
defraju01,754520.0613370299
dejesda01,571531.384915921
dejesda01,334037.749161735
dejesda01,821011.5646626945
delabst01,1089792.4915208875
delarda01,758714.8625747244
delareu01,701283.5836735724
delarjo01,1773169.8532324063
delarru01,967820.860733801
delatjo01,980104.6272815614
deleojo02,1082020.5743866677
delgara01,1615777.6004595782
dempsry01,1151144.4901003004
dendema01,839521.5714178443
denorch01,432779.72647808335
derosma01,1524410.1578924328
descada01,579117.2164925517
desmoia01,1758335.16415705
detwiro01,1667717.9963455587
devrico01,956278.791805034
dewitbl01,881702.1755367462
diamosc01,1641719.2547781474
diazjo02,808851.01717334
diazma02,991405.7932683097
dickech01,634620.7493638205
dickeco01,925157.8518607417
dickera01,4002387.91942938
diekmja01,977594.8038513268
dietrde01,1497525.7349930003
dirksan01,984709.0194463154
dobbsgr01,1307531.85278414
dolisra01,1091483.8075285093
dominjo01,714633.0574455666
dominma01,3734957.843955871
donaljo02,4784030.185782623
doolise01,1250320.9051463977
doteloc01,1317140.932988009
doubrfe01,1718983.283757575
doumiry01,3110381.2289616833
downsda02,982636.8158759128
downssc01,395035.80380361323
downssc01,607276.0603710512
doziebr01,3076269.4561032495
drabeky01,1125060.1104488678
drewst01,1992007.9775651132
dudalu01,2934917.2814391176
duensbr01,766946.492979403
duffyda01,985858.9653070517
dukeza01,730927.7415572605
dukeza01,814754.2610864048
duncash01,1306491.3773903414
dunnad01,2353027.7449036287
dunnija01,783102.5714674785
dunnmi01,1155105.2551089763
durbich01,968994.4906228893
dwyerch01,951017.1369579188
dysonja01,532952.661766884
dysonsa01,1097289.4394190167
eatonad02,1056829.4961698023
edginjo01,1084463.516374433
ellisaj01,1686094.7810948554
ellisma01,1529815.520990525
ellsbja01,2770544.7393518486
elmorja01,597727.2404037924
encared01,16732751.454124855
enrigba01,1156541.0976775766
eovalna01,1874914.4082538402
eppleco01,928741.51138389
erlinro01,1258469.4112056615
escaled01,1132397.520001743
escobal02,1979735.0159601897
escobed01,461867.7167600766
escobyu01,6111471.087203219
espinda01,1017758.4937483899
estrama01,1439309.122771945
ethiean01,3968731.714851929
faluir01,890787.1416706472
familje01,908838.9337897719
farnsky01,447712.4770620399
farnsky01,930577.1776931069
farquda01,1528318.0210279243
federti01,689166.2505131664
feldmsc01,2504900.8760008495
feldmsc01,1299271.4067312803
felicpe01,954899.5971162012
felizne01,1184607.6110495774
fernajo02,3622558.393194731
fieldjo03,987415.0120684217
fieldpr01,10832366.865556812
fieldth01,792635.160750233
fienca01,868204.0352046523
fiersmi01,1044136.1935700637
fifest01,866394.7895781676
figaral01,733016.6868461522
figuepe01,1067311.831582454
fistedo01,2124669.158436134
flahery01,976323.6380965713
florewi01,926430.4360649914
floripe01,529729.4186271082
flowety01,700737.1810887937
floydga01,1425206.8448475886
flynnbr01,999475.3045192617
fontwi01,1121364.8590371334
forsylo01,1014635.2255675665
fowlede01,2396798.2196492264
francbe01,1027503.8766930997
francfr01,1452263.7169897594
francje01,1701932.305185632
francje02,428851.3918481888
francje02,864261.0450282785
francju02,515213.0154815812
francju02,170892.61903634144
frandke01,1547374.7745222063
frankni01,676047.6371174749
frasoja01,822999.8905925826
frazito01,4854696.598875577
freemfr01,2552808.963576246
freemju02,833745.0914627608
freemsa01,739513.4995953398
freesda01,6421643.845517943
freimna01,1923375.1520638242
frierer01,2927607.7168680667
fryerer01,1026081.1445262998
fuentre01,587680.4384599376
fujikky01,937536.5205068175
fuldsa01,566930.2375698864
furbuch01,1439036.1698522482
gallayo01,2152366.4066905947
galvifr01,695434.6981137961
garciav01,490836.86226491985
garciav01,701714.04195516
garcifr02,1037784.8353941602
garcifr02,1197260.7334244654
garcija01,599421.694040087
garcija02,1219654.8476748643
garcile02,459847.6129865918
garcile02,455901.1570257001
garcilu03,695190.4630062693
garcion01,1051650.044404816
gardnbr01,1655029.2222568926
garlajo01,1407206.1410478882
garzama01,1043304.5681579231
garzama01,1041292.8540147527
gastjo01,1028593.9480178133
gattiev01,2492488.7886979175
gaudich01,1197672.3287809044
gausmke01,1054813.9739929757
gearrco01,667569.1988384074
geedi01,3299842.500849728
gennesc01,464599.19997807423
gentrcr01,1029170.4803753939
germaju01,994632.0599200221
germego01,1118839.6364556246
getzch01,1594697.163197337
giambja01,2586632.9813066577
giavojo01,1025903.4174471516
gibsoky01,1162323.9053701318
gillaco01,1124798.7479274482
gilleco01,870852.9222102581
gilleco01,981759.1602117328
gimench01,1136030.4632505786
gimenhe01,1198150.3277664806
gindlca01,925314.8506340255
goinsry01,611251.92608817
goldspa01,10589561.58013472
gomesbr01,836413.5927247123
gomesjo01,2892026.677428432
gomesya01,1131005.3047588116
gomezca01,2077593.0353553703
gomezje01,896978.678161204
gonzaad01,1831582.2861836608
gonzaal02,839212.8992329172
gonzaal03,759883.4982918353
gonzaal03,817960.1138462218
gonzaca01,1787955.9457020215
gonzaed01,784153.3297708447
gonzaed01,965953.313069186
gonzagi01,5938941.359905997
gonzama01,617874.8966690275
gonzami02,812822.3392623154
gonzami03,1314791.4240922143
gonzami04,782572.1674848531
gordoal01,4243342.26866888
gordode01,616557.153482816
gorzeto01,1150067.6684659824
gosean01,633711.4153277596
gosewtu01,854393.1419600649
gosseph01,900627.1119230281
grandcu01,860188.3442619776
grandya01,1192852.8812171135
grayso01,1400454.915316915
greengr01,402713.60921093525
greengr01,766347.9879467887
greenni01,1039389.857623357
greenty02,741726.9846256757
gregelu01,1500428.7710919254
greggke01,3143050.4845256507
gregodi01,1322268.651727964
greinza01,2995817.2949596196
griffaj01,4070901.103598744
grillja01,3261382.5339442375
grimmju01,996053.9507742423
grimmju01,864453.5702167968
grossro01,607517.0690559514
guerrja01,897673.9741454115
guerrma02,644821.3871500212
guerrma02,459301.66201171576
guilmpr01,1139340.1942712306
guthrje01,3895547.638847505
gutiefr01,885921.5444374541
gutieju01,589902.8947327534
gutieju01,737623.8146383287
guzmafr01,791824.330066443
guzmaje01,576658.2543919999
gyorkje01,2541724.7353265216
hafnetr01,2223635.999774634
hagadni01,789987.645695999
hairsje02,1041672.3629621117
hairssc01,1215864.7988568917
hairssc01,681111.5310177946
haleda02,1156243.4817117378
hallaro01,1405842.1646250235
haltose01,1267009.0999364918
hamelco01,4984787.160385212
hamilbi02,675109.5982645979
hamiljo03,3913209.696463716
hammeja01,1834488.8359720202
handbr01,1162913.464064594
handdo01,889941.542873043
hanigry01,2382253.4526842404
hannaja01,744046.5415754451
hanrajo01,1191518.2810746164
hansoto01,1071351.4723816002
happja01,1851426.8066850817
haranaa01,7019019.861317082
haranaa01,1112751.0102873947
hardyjj01,2815323.5143329008
harenda01,3761286.6273770854
harpebr03,2966296.440687163
harrelu01,1383951.94770456
harribr01,863381.0446763812
harrijo05,919086.6020154246
harrima01,1331064.3245040008
harriwi02,850145.0652251625
harvema01,8490301.879476441
hatchch02,1095644.4043393538
hawkila01,1244742.1888796575
hawpebr01,809675.3318547052
hayesbr01,856668.1266426791
headlch01,2950154.8195889518
heathde01,981822.3587226922
hechaad01,1177490.8512256178
hefneje01,1689698.131400063
heisech01,950825.1910860651
hellije01,1857395.254467134
hellwjo01,862557.9803209124
heltoto01,986112.2759511599
hembrhe01,1023824.9836886876
hendeji01,2526769.808769817
hendrli01,1224780.728663172
hennse01,1190980.8744995906
hernace02,707714.5120516258
hernada01,1078715.7666152653
hernafe02,2514418.440067811
hernape02,1252346.712889328
hernara02,1475654.9723618655
herreel01,816257.5195642229
herrejo03,632788.2417004795
herreke01,1035882.966975583
herrmch01,773039.5620773628
hestejo01,1126420.2644682124
heywaja01,4174538.479427791
hicksaa01,1039641.945133143
hillaa01,2264578.4468536945
hillko01,817372.4524018078
hillri01,771467.2471540142
hinsker01,724428.9954415199
hochelu01,872945.923548731
hoeslj01,895777.3091138656
hoeslj01,331227.6725803038
holadbr01,801286.3796149656
hollade01,5534688.70827936
hollagr01,3277911.847161428
hollima01,45160504.40728491
holmbda01,1110714.0397991238
holtbr01,1015222.1516062461
hoovejj01,1332905.0797281398
horstje01,977435.3554620412
hosmeer01,1783923.5622969198
howarry01,1505085.4592653743
howeljp01,802384.6781934177
hudsoti01,2079879.4015947548
huffda01,1003130.5354579245
huffda01,780977.8948031011
hugheja02,1174803.815157004
hugheph01,3264973.002723732
humbeph01,1917053.8374694001
hundlni01,661532.3975297718
hunteto01,4139946.3960548616
hunteto02,1299474.0941224953
hynesco01,875400.5908619665
iannech01,1500963.3477658432
ibanera01,1722976.2936703376
iglesjo01,290076.0133260436
iglesjo01,365804.1941524229
infanom01,1366684.992825829
ingebr01,720601.9011034523
irwinph01,981373.485262426
ishiktr01,949078.7305341482
ishiktr01,996961.6053857409
iwakuhi01,1989643.8494618365
izturce01,1016314.6435665856
izturma01,1159909.0078113386
jacksau01,2583976.8444269644
jacksed01,3648570.361267311
jacksry02,954958.1613217716
janispa01,704237.1126146883
janseke01,2847817.8355699587
janssca01,2747086.2237000377
jasojo01,1368840.530984627
jayjo02,5521379.829696399
jeffrje01,1119646.036166369
jenkich01,860340.3621866886
jennida01,1099694.5248163608
jennide01,2763971.608467879
jepseke01,1221362.4668531034
jeterde01,1405735.676794922
jimence01,1641139.8126229104
jimenlu02,784689.4909014943
jimenub01,1913696.3466271404
johnsch05,1219528.938222926
johnsda06,1007731.7958335658
johnsel02,178417.80921209513
johnsel02,493187.49851201475
johnser04,960389.0231198735
johnsji04,3306039.7217567023
johnsjo09,2141239.0809841356
johnske05,1328835.6033470465
johnskr01,995418.406339524
johnsre02,584893.8102596687
johnsro07,1031691.4183461479
johnsst02,1087449.3680015756
jonesad01,5274799.750280545
jonesga02,1136243.0114403728
jonesna01,694628.1810285406
jordata01,1031700.3892469255
josepco01,867636.3939191789
josepdo01,1048595.4604256547
joycema01,3422611.695182831
jurrjja01,925210.6459549987
karnsna01,1170664.2065997836
kawasmu01,1058128.3021249876
kazmisc01,2105859.23735497
kearnau01,1030908.9161280851
kellesh01,703046.4943961052
kellydo01,808698.640843458
kellyjo05,1025630.0346563308
kempma01,1994358.213958741
kendrho01,1916089.9448723565
kendrky01,8718901.765444187
kenneia01,912429.2731413734
kenneia01,834651.9179848089
kensilo01,880212.7037157242
keppije01,1762548.1421167362
kershcl01,13205993.653795654
keuchda01,1357523.1239209324
kickhmi01,1292193.9505610093
kiermke01,948210.3722892854
kiescro01,981789.4549056602
kimbrcr01,3602581.734603103
kinslia01,4297063.713567329
kintzbr01,969485.1815724126
kipnija01,3534419.2621523784
kirkmmi01,1162482.0601112943
klubeco01,1564749.3164066619
koberje01,1026494.3590491991
koehlto01,1669465.3981522035
kohnmi01,983311.0126434645
konerpa01,2845896.228038046
kontoge01,801030.3562918543
kotchca01,1124589.1909632008
kotsama01,652278.6176957618
kottage01,939855.5637524299
kozmape01,1199125.873293698
kratzer01,2095677.017115165
krausma01,936712.2738797347
krolia01,895099.5123637655
kubelja01,1011726.995956094
kubelja01,535034.9567965536
kurodhi01,5632907.160938746
lackejo01,3680569.7424786063
laffeaa01,912165.538846541
laffeaa01,870713.5585905393
lafrobo01,1089953.7473524485
lagarju01,511623.2908844853
lairdbr01,1280343.4672535432
lairdge01,1082611.3924603171
lakeju01,614679.6744693691
lallibl01,766448.2397666036
lamboan01,865400.8624939806
langery01,1022913.073333918
langwma01,1044241.5509950201
langwma01,869518.727695891
lannajo01,1844073.8669305514
larocad01,2351490.8762920485
larocan01,955936.3926732633
latosma01,3624414.6897936417
lavarry01,1149196.3402525901
lawribr01,1965077.7965444687
layneto01,751995.8422740265
leagubr01,942220.7756339085
leakemi01,1895313.0772148604
leblawa01,833315.2786628848
leblawa01,1201779.9454962597
lecursa01,993900.6433792188
leech01,899914.0534730336
leecl02,5361981.435379969
leesmch01,808956.5937893522
lemahdj01,1159272.9973357676
leonsa01,980685.6427271145
lerouch01,1046057.7270457627
lerudst01,941183.0495968177
lestejo01,5091176.491986551
liddial01,988612.9631194159
lillibr01,695690.9923426757
lillibr01,757812.6693596863
lillyte01,1091623.8814082486
limch01,867543.9549116394
linceti01,3105450.3818000145
lincobr01,946651.0808059628
lindad01,2699918.3767773714
lindbjo01,1449127.0282675533
lindsma01,845656.8866583256
liriafr01,4458215.346628728
lobatjo01,603759.4662633354
loch02,1070729.4129338146
lockeje01,1453540.113377129
loeka01,1025995.0534023817
loeka01,1091018.038395936
loeka01,884220.0918986725
loganbo02,751162.9805406785
lohseky01,3794419.1206223513
lombast02,679513.2691507898
loneyja01,1526393.29141078
longoev01,5529144.221379963
lopezja02,1170202.4965865177
lopezwi01,983296.4077632546
loughda01,697059.5907147389
loupaa01,790660.8910285863
lowede01,986283.6234111548
lowema01,909068.8236194829
lowrije01,3179988.33869923
lucased01,525759.065866098
lucrojo01,2414532.654780115
ludwiry01,1485130.6387880095
luekejo01,1026784.2839700412
luetglu01,858697.8452113398
lutzdo01,857818.4901666819
lutzza01,1009909.7135288473
lylesjo01,2233935.3804669683
lynnla01,3300875.5257215914
lyonbr01,848408.7494526522
lyonsty01,1580169.3954883462
machama01,1164306.1314987321
machije01,1156514.3788266508
magilma01,924920.5083907058
maholpa01,2545678.1214823094
mahonjo01,1073909.0036335203
mainejo01,924092.3548949477
maldoma01,802844.805010058
manesse01,620943.5830427363
manshje01,1511955.6729020183
marcush01,2202441.0123536997
marisja01,976174.32009158
markani01,9228972.221452666
marmoca01,502712.2106642418
marmoca01,522251.16722409974
maronni01,817103.4786158602
marquja01,877463.8231821071
marrech01,1040392.3026052361
marshbr01,722170.3680819543
marshse01,1003099.1777232293
marsolo01,988942.4378950094
marteal01,870163.1706902556
martest01,932887.4565471291
martevi01,1274989.310990647
martica04,999361.4028094106
marticr01,942420.6097310204
martida02,778581.2498380697
martiet01,1439279.015395406
martife02,1004988.5539802442
martijd02,1038096.412690006
martijo07,972497.6954531665
martile01,712034.3529288478
martimi02,742244.3600965582
martiru01,1872908.7175102157
martish01,1256025.2030652869
martivi01,11888048.062972093
masteju01,11824017.311984167
mastrda01,783803.3050107578
mathije01,934204.6462339342
matsuda01,1131784.9651091658
matthry01,934252.4657251727
matusbr01,943085.6119472854
mauerjo01,1328063.9383368888
maurebr01,1045375.756524841
maxweju01,394671.29645438696
maxweju01,635818.2484971038
mayayu01,1010626.3228143698
maybejo02,791466.2838718311
maybica01,1381312.1966215563
mazzavi01,883434.5003490614
mcallza01,1718397.280645206
mccanbr01,1919617.2893687438
mccarbr01,6736019.029377699
mccleky01,983323.6864675137
mccutan01,7781546.252758691
mcdonda02,944862.0876787835
mcdonja03,937835.9743748727
mcdonjo03,720723.2010473567
mcdonjo03,678090.994515458
mcdonjo03,623080.2019297177
mcdonjo03,632381.9816648044
mcfartj01,1089453.318395733
mcgeeja01,1102221.1651609277
mcgowdu01,899074.7133774575
mcguich01,883807.4282477712
mchugco01,1210823.0317047127
mchugco01,876099.8506469334
mckenmi01,810622.8492399391
mclouna01,1784041.2514610635
medicto01,868673.0693040092
medinyo01,1096514.8672074734
medlekr01,2671380.207682559
mejiaje01,1287190.7351621806
melanma01,1482172.2449359533
mendolu01,1150911.258688397
mercejo03,606835.8088070791
mesame01,945452.2979356977
mesorde01,1218848.0565834944
middlwi01,2098523.198617408
mijarjo01,1454093.4829244828
mikolmi01,1051294.798121906
mileywa01,1609393.4054940536
millean01,856941.7239979304
millebr02,1039400.838970227
milleco01,1161052.1378272662
milleji02,942589.1574379011
millesh01,4780916.443132988
milonto01,2706814.678354829
minerza01,1022718.4867067995
minormi01,3119298.327478983
molinjo01,962868.6713827788
molinya01,1492945.327962304
moneljo01,950029.5414541414
monteje01,987556.5425066787
montemi01,2143293.9625726184
montzlu01,1120329.3181841362
mooread01,921087.1076107007
moorema02,1862688.4723122593
moorety01,791547.040615958
moralfr01,849481.2196217737
moralke01,3995976.677184686
morelbr01,1053179.6351170056
morelmi01,2222778.2392352023
morneju01,215131.6980274382
morneju01,698527.5980386859
morribr01,809756.7602133462
morrilo01,1953411.2750183882
morrobr01,1040461.3547566338
morsemi01,1131208.9034280316
morsemi01,605803.6589078878
mortecl01,905218.5897638503
mortoch02,1256778.680811811
moscogu01,680924.2442474115
mossbr01,1893322.5381618845
moustmi01,1666331.8236192998
moylape01,848085.0861952121
mujiced01,2677232.3136831406
murphda07,2765899.4730772087
murphda08,1940046.8676526004
murphdo01,906763.0678430898
murphjr01,771020.801907118
myersbr01,1209978.4531524444
myerswi01,2705116.5701989857
napolmi01,2394405.116685609
narvech01,968490.1831696624
nathajo01,3435437.364262571
navada01,3157279.254006735
navardi01,641209.0221125663
navaref01,926870.4117458704
navarya01,922973.4822286996
nealth01,1075094.4798291882
nealth01,1030514.715189946
nelsoch01,675508.1786155809
nelsoch01,854898.7420420068
nelsoch01,604760.2386024704
nelsoji02,1189233.562892265
neshepa01,939764.193136809
nicasju01,3473453.091587527
nickemi01,998325.0074850436
niesejo01,3065223.280860384
nieuwki01,957478.87615402
nievewi01,629323.6606897238
nixja01,810154.3103967775
nixla01,628226.7324580699
noesihe01,927518.7623845722
nolasri01,1372599.726967771
nolasri01,1805690.028206216
nolinse01,1163707.0645107257
noonani01,590772.2182057771
norribu01,1086797.8530946565
norribu01,1169035.6170205318
norride01,979800.7460778434
novaiv01,4741751.256294026
nunezed02,1032403.2115619277
nunovi01,1120759.0893834839
oberhbr01,3530041.5082530975
odayda01,930442.8479952251
odorija01,972975.0741889789
oflaher01,978715.0227188037
ogandal01,895150.1580855971
ohlenro01,1162826.1018408942
okajihi01,854506.5161289127
oliveda02,1107961.3240913732
olivomi01,887678.9929735552
olmosed01,760252.3162797267
omogrbr01,1212030.7628064563
ondrulo01,884799.4945578189
orrpe01,742220.2226440068
ortegjo01,929932.4154824062
ortizda01,43559482.548098706
ortizjo05,786400.283215498
ortizra01,705724.5434768349
osullse01,1388545.7795277368
oswalro01,1561432.5067114297
oteroda01,967477.6989224122
ottavad01,778476.9074666841
outmajo01,857031.444941672
overbly01,1600003.3691113668
owingch01,825514.840556634
ozunama01,1127525.8911781604
pachejo01,496967.26554350246
paganan01,1348161.9095754528
pagnoma01,926035.621833816
papeljo01,2095944.7610530548
paredji01,801985.5607227638
parkebl01,1127120.109979282
parkeja02,1545376.0248471848
parmech01,1259261.9102610361
parnebo01,1907935.9591690162
parrage01,1831221.3543623295
parrama01,826868.1305850222
parrian01,905331.6812582539
partccu01,942512.8051766565
pastoty01,766051.5778744672
paterjo01,1004642.7099433831
pattotr01,593803.4428053629
paulxa01,1404789.9516041083
paxtoja01,1177062.9977573364
peacobr01,1187813.8822141876
pearcst01,1297030.3512034204
peavyja01,1406314.717952125
peavyja01,1081631.3871407243
pedrodu01,13204687.842932327
pegueca01,1358594.275086768
peguefr01,886727.2378336632
pelfrmi01,4483576.795345777
penabr01,711718.4416001507
penaca01,1161111.6609521268
penaca01,971401.2414337966
penara02,621581.791930941
pencehu01,4909815.86610321
pennicl01,943321.620285375
peraljh01,1539483.4957764894
peraljo01,1250348.7501338634
peralwi01,3419951.9378445023
perezau01,1051281.0484255818
perezch01,2003910.700059893
perezeu01,851817.7434113709
perezhe01,777101.312675474
perezju01,697914.157381362
perezju02,821125.5513158274
perezlu01,1252788.363287288
perezma02,1086512.0186135147
perezol01,971785.7856412751
perezsa02,1423057.3342628372
perkigl01,2209312.9924801243
pestavi01,808152.7080662361
peterbr02,825738.8867110531
petersh01,1002388.4102860957
petityu01,3017322.761902302
petrija01,804905.2880990802
pettian01,2560431.2601544806
pettijo02,1468430.9802800834
phegljo01,855523.7610891232
phelpco01,945491.0556672583
phelpda01,1296904.7230240146
phillbr01,13248138.63050517
phillza01,1012073.0194495086
piefe01,692901.4996261738
pierrju01,669502.4151626423
pierzaj01,1719010.0614978133
pillake01,924625.5232118361
pillbr01,1269660.3351335777
pimenst01,1048199.4839281684
pintojo01,910333.3332853722
plouftr01,1303630.7647283876
polanpl01,3067413.630588537
polloaj01,872472.3942170428
pomerdr01,1328654.6156464135
porceri01,2216470.933743
poseybu01,3391820.8977300776
pradoma01,4758320.060573946
preslal01,525601.1272360514
preslal01,457958.63550170884
pressry01,602729.6806841232
priceda01,2699531.420109995
pridija01,909853.5759866906
princjo01,962762.2163057298
profaju01,709886.9408058759
pryorst01,1231168.8779503389
puigya01,2572509.6383027053
pujolal01,12036950.407066682
puntoni01,455712.4006647731
purceda01,884134.8236108063
putkolu01,929271.063316015
putnaza01,1220501.1340577472
putzjj01,1029421.7480346252
quallch01,908019.2770851371
quentca01,4526326.486840281
quinthu01,549654.3404082609
quinthu01,632933.3485409635
quintjo01,2770180.3075857623
quintom01,1962090.1592351855
quirogu01,1002286.1860397769
raburry01,1668981.6018786673
raleybr01,817564.4537437343
ramiral03,1266641.2338661244
ramirar01,3313876.1342110676
ramirer02,1312039.081916196
ramirha01,1689813.8422497176
ramirjc01,1035066.9770580141
ramirjo01,706482.0185783209
ramirra02,771036.5836037901
ramirwi01,839380.3766639234
ramosaj01,1038512.1927978355
ramosce01,1105625.915180222
ramoswi01,1267344.264853216
ransoco01,404096.47214618255
ransoco01,833436.0172250458
rapadcl01,907390.359021016
rasmuco01,743843.2079465508
rasmuco02,685439.2263931244
rasmuco02,876583.9685988881
rauchjo01,1648859.0936698096
reckean01,755658.1491914083
reddijo01,2534021.3315655557
redmoto01,1597078.024600841
reedad01,4070245.521488445
reedev01,905575.4564895938
reidry01,1243355.1951747604
reimono01,1329371.6060894234
rendoan01,1110682.6428080988
resopch01,946021.3517752086
reverbe01,773486.0507286021
reyesjo01,2240930.503767137
reynogr01,1309941.7138875343
reynoma01,396154.0797264421
reynoma01,432932.52498709416
reynoma01,1026807.8389640002
reynoma02,1317232.4456111754
ricesc01,959498.973307816
richacl01,1354149.538211203
richaga01,1715264.7640792476
rienzan01,826174.5011981326
riosal01,298082.62031508045
riosal01,627594.1324580471
riverma01,3005086.4896747414
riverre01,923045.7032379397
rizzoan01,4775809.694485851
roarkta01,1083824.8058335406
roberbr01,1678462.478245848
roberda08,892265.9351786489
roberry01,682853.8593311817
roberty01,1231186.186368174
robinch02,984344.5381919891
robinde02,325237.74478884676
robinsh01,459407.8988078307
roblema01,974654.8510745555
rodnefe01,3054852.2192659257
rodrial01,1658547.326893074
rodrifr03,529240.370528535
rodrifr03,717691.1050590585
rodrihe03,789906.5231352792
rodrihe04,929384.7442144332
rodrise01,905191.176357561
rodrist02,983053.4842631134
rodriwa01,1474648.8044832628
roech01,775779.676246349
roenijo01,707122.0634830715
rogeres01,1200931.4043492645
rolliji01,3037544.6781172557
romeren01,786201.5410864244
romerri01,1099041.6179768508
rominan01,578954.0068601544
rominau01,838876.4082832809
romose01,4091954.2029993916
rondobr01,1109287.5457866725
rondohe01,805232.5112629571
rosalad01,381669.8765495642
rosalad01,860911.5442854303
rosarsa02,1013314.3281376571
rosarwi01,566025.0633042916
rosenbj01,1014589.799260218
rosentr01,1310847.4770898623
rossco01,1753024.5240791475
rosscza01,924480.4455454382
rossda01,770111.3815093084
rossro01,989585.5741430594
rossty01,994364.0044526778
rothmi01,1120546.7823169087
rufda01,1148307.6660119204
ruffich01,892258.0411237777
ruggiju01,1543919.7397613758
ruizca01,1274687.707760549
ruppca01,1064466.163274849
rusinch01,1547002.9432849141
russeja02,944460.9587587253
rutlejo01,884746.3418183792
ryanbr01,626696.0335360941
ryanbr01,243936.4935422306
ryuhy01,5441271.556290668
rzepcma01,529947.362026517
rzepcma01,1047382.3002743942
sabatcc01,4352194.5917814765
salasfe01,1163633.856372756
salazda01,1239791.7290174668
salech01,5070488.68775972
saltaja01,591641.9548548
samarje01,4001521.7515926524
sanabal01,1078691.2484587124
sanchan01,5451294.951126594
sanchan02,959567.3367208692
sanched01,942689.0348076144
sanchga01,1425306.7518454813
sanchhe01,758360.8166080773
sanchjo01,1018824.0866364256
sanchto01,1163374.0981344255
sandopa01,6847490.391984803
santaca01,2323827.6555847884
santaer01,1610500.5530928986
santihe01,1473954.9606219798
santira01,750049.1219492117
santoom01,987851.7736241905
santose01,1240067.3005404961
sappeda01,800328.596834128
satinjo01,584284.9402178312
saundjo01,2589642.9059651513
saundmi01,1844010.6262012473
saverjo01,929806.7279024787
scahiro01,906795.7355722046
schafjo02,464466.18624819105
schaflo01,555832.2080343557
schepta01,402024.6357014535
scherma01,2035465.0723285095
schiena01,2824643.8431449085
schoojo01,1040544.0040878147
schumsk01,549174.8336678011
scottlu01,1858359.5780111258
scribev01,953085.757673184
scutama01,1856459.1630812783
seageky01,2638705.629131622
segurje01,1478005.364026545
selleju01,807327.6078107972
semiema01,702292.8569039174
shawbr01,941361.8345268223
shielja02,2243327.4494461743
shoemma01,1076322.1777204194
shoppke01,952567.6887709611
shoppke01,410436.12740468606
shuckja01,1644913.0076612227
siegrke01,1033719.2870726909
sierrmo01,1069874.4273828904
simmoan01,3831659.987935687
simonal01,1169949.3616219375
sippto01,786546.8943599147
sizemsc01,863856.4396380761
skaggty01,1240105.3958668783
skipwky01,1097213.7471146272
sloweke01,1722147.4595685843
smithbu03,1317637.0766209457
smithjo05,704804.7334789295
smithse01,1777050.3921984704
smithwi04,1014017.7270270109
smoakju01,1254655.0225487526
smylydr01,880981.4923678264
snidetr01,679494.3015078709
snydebr03,949954.9746615934
snydech02,1060422.1521630483
sogarer01,1068286.9211490524
solando01,1896900.2353608296
solanjh01,963147.2121816782
soriaal01,685535.7054390713
soriaal01,340850.1857819571
soriajo01,815964.634768275
soriara01,2947904.6512590535
sotoge01,689798.7154718579
sotone01,958066.4870122331
spande01,1841293.4428050148
spruize01,806013.8821479265
stammcr01,1016734.053638886
stangda01,1087561.6592823563
stantmi03,3606228.1768808607
stassma01,1005220.2081767416
staufti01,1060113.876113755
stewach01,1259344.882163519
stinsjo01,866303.765022394
storedr01,1029308.2585222849
storemi01,987674.7617799432
straida01,1926435.2536399707
strasst01,2577313.0291639296
streehu01,1723297.7250425073
stroppe01,615568.0563853292
stroppe01,609553.80069743
stubbdr01,686108.9081670042
stulter01,6602738.838684069
stutemi01,816990.4831325974
sucreje01,1216091.2850091206
surkaer01,1034449.8488212501
susdost01,1000469.89782453
suzukic01,890563.6275464424
suzukku01,676714.8305637424
suzukku01,249522.06921593318
swarzan01,899572.0642866428
sweenry01,902621.0190468933
swishni01,2272911.0265164366
tabatjo01,1454898.1777477863
takahhi01,899239.1824172
tanakke01,808713.6274982361
taylomi01,1210237.209253291
tazawju01,963920.050676443
teafoev01,814543.5674961224
teagata01,826452.2836996025
teherju01,2535385.8375632716
teixema01,1463560.8773001924
tejadmi01,1429706.901262772
tejadru01,967666.4729570405
tekotbl01,800115.446738267
tepesni01,2368102.3828539746
terdojo01,737793.9211159053
thatcjo01,650887.0532327299
thatcjo01,376056.3767422855
thayeda01,955463.3817576327
thielca01,802638.9409414965
tholejo01,917309.138927596
thomacl02,686611.8088487629
thornma01,782738.340516672
thornma01,411117.717331648
thornty01,892892.682056017
tillmch01,1278965.5369211836
tollesh01,987999.0804692636
tomlijo01,961459.3612742791
tonkimi01,1102357.786990682
torreal01,972663.7309884642
torrean02,812370.5407935785
torreca01,1112416.0303337774
torreyo01,888620.7918360676
tovarwi01,906598.1410014967
tracych01,469592.08957906236
triunca01,947228.373048288
troncra01,836700.3288970516
troutmi01,9458348.200393341
trumbma01,2951634.2406655666
tuiasma01,1276507.8543081263
tulowtr01,4360352.213924389
turneja01,1170300.399850459
turneju01,608577.1740642885
ueharko01,1938727.8312987948
ugglada01,2575294.03502767
uptonbj01,1147146.3654796234
uptonju01,3057712.3569389787
uribeju01,1527611.2809315652
urruthe01,816919.5170246576
utleych01,3158025.1676080464
valaich01,1005264.914755739
valbulu01,2059591.245257278
valdejo02,821504.2563550019
valdelu01,912343.8755776112
valdera02,868463.4749071912
valenda01,1072797.3652450233
valvejo01,1500923.696800063
vanslsc01,1525450.0546740037
vargaja01,6909936.354299337
varvaan01,650541.3688002722
vealdo01,912324.9203186809
velazgi01,882968.0215903374
venabwi01,463913.77727633674
ventuyo01,855707.5005978134
verasjo01,792376.303072081
verasjo01,826075.7391771411
verlaju01,3263770.4157465426
vicieda01,2133607.78998114
victosh01,2708080.8154823817
villabr02,807653.6562949127
villabr02,743080.5428753238
villaca01,1663934.16661695
villajo01,461972.53112098784
villape01,1042766.1246458389
vinceni01,1076710.5831779493
vogelry01,1467800.8019756183
vogtst01,956119.4952273855
volqued01,1036258.0057273365
volqued01,1688322.501421583
volstch01,1159520.2661366425
vottojo01,7932134.703855069
wachami01,1254850.1740479788
wagnene01,900292.8178307712
wainwad01,14355372.629767448
waldejo01,998690.0590083284
walkene01,5248000.7291542925
walketa01,1185380.4078529824
wallabr01,919932.1985854561
walljo02,1283338.6966573948
waltepj01,1346177.830469335
walteza01,1066285.0204172935
wangch01,1028592.3445301304
warread01,747901.7710499532
watkilo01,592513.8693683547
watsoto01,1172069.3266474942
weaveje02,2530482.5075481525
webbda01,1239264.6209874952
webbry01,1173771.71709624
weberth01,780532.2963719101
weberth01,868090.6145543231
webstal01,1025631.1193022163
weeksje01,731629.9819577433
weeksri01,1976393.1092926757
welkedu01,1189799.6051659689
wellsca01,658695.8967141941
wellsca01,1012241.7836722998
wellsca01,1037519.8428589595
wellsve01,2611805.1041998807
werthja01,5667044.343565249
westbja01,2795168.5466242703
wheelry01,880225.8755143431
wheelza01,1144443.309229072
wietema01,2566697.058182281
wiggity01,792466.7530160206
wilheto01,1841544.8991794877
willije01,883240.4099818238
willijo03,5209976.758286118
wilsoal01,987025.6717092964
wilsobr01,905560.4158296831
wilsocj01,1413636.3915349096
wilsojo03,835065.9711994663
wilsoju10,751661.4279977551
wisede01,722370.2251793991
withrch01,844303.7513950722
wolfro01,719764.7018411751
wongko01,791551.0080342903
woodal02,1393402.06522703
woodbl01,1170356.843669326
woodtr01,3198295.653647056
wootero01,1021445.2705036269
workmbr01,1104097.0717920952
worleva01,1121636.8875846486
worthda01,837615.63520356
wrighda03,2703439.741652617
wrighja01,875255.8373816396
wrighst01,942958.0946277692
wrighwe01,300095.95530217845
wrighwe01,620332.8855780395
yelicch01,1017428.6932703621
youklke01,1355499.2281281557
youngch04,1369757.203244633
youngde03,1748494.6390297753
youngde03,491421.9860974622
younger03,403575.9162976437
younger03,185984.0869417384
youngmi02,713546.8514844321
youngmi02,203124.99592986767
zagurmi01,1144231.110837849
zagurmi01,1050194.9271103987
zeidjo01,920627.1027021508
zieglbr01,1125996.461061611
zimmejo02,15469453.929228151
zimmery01,2250675.5684120823
zitoba01,1453865.3214805205
zobribe01,4540354.58323321
zuninmi01,1044742.3569721784
