,playerID,yearID,teamID,pred_salary
0,aardsda01,2013,NYN,939181.4391477185
1,abadfe01,2013,WAS,1065525.8957624324
2,abreuto01,2013,SFN,750023.7793990974
3,aceveal01,2013,BOS,1145748.0499431049
4,ackledu01,2013,SEA,2176678.5707902005
5,adamsda02,2013,NYA,841458.7995643176
6,adamsma01,2013,SLN,1863968.074542353
7,adamsmi03,2013,PHI,2642922.637945462
8,adducji02,2013,TEX,613157.2654245968
9,adriaeh01,2013,SFN,387707.0601938644
10,affelje01,2013,SFN,3007080.92009749
11,alberan01,2013,MIN,801107.9672825523
12,alberma01,2013,CLE,890210.4871608051
13,albural01,2013,DET,892734.0213769213
14,allenco01,2013,CLE,982710.7701205299
15,almonab01,2013,SEA,725889.1180870258
16,almonzo01,2013,NYA,728376.5904492636
17,alonsyo01,2013,SDN,2493743.7840487855
18,altuvjo01,2013,HOU,1775144.0020362027
19,alvarhe01,2013,MIA,1475352.8767817938
20,alvarjo02,2013,DET,603782.7264765452
21,alvarpe01,2013,PIT,3467112.7585251266
22,amarial01,2013,SDN,961505.2924120966
23,ambrihe01,2013,HOU,1041799.6377178924
24,amesst01,2013,MIA,559862.9725023564
25,anderbr04,2013,OAK,2466211.4465365633
26,anderbr05,2013,CHA,529710.5135052092
27,andinro01,2013,SEA,1215236.0512319915
28,andruel01,2013,TEX,2952218.596155454
29,ankieri01,2013,HOU,1327645.759253549
30,ankieri01,2013,NYN,1262849.850270114
31,aokino01,2013,MIL,2075879.415784149
32,archech01,2013,TBA,1551259.5906114243
33,arciaos01,2013,MIN,1536271.2378153796
34,arenano01,2013,COL,1466276.3055316526
35,arencjp01,2013,TOR,1370922.9804149223
36,ariasjo01,2013,SFN,580233.0344216654
37,arrieja01,2013,BAL,1077614.1123912232
38,arrieja01,2013,CHN,1279812.4553399477
39,arroybr01,2013,CIN,5440702.368551259
40,ascheco01,2013,PHI,860199.3187541023
41,atchisc01,2013,NYN,1009273.5614087698
42,aumonph01,2013,PHI,973704.0650038458
43,avilaal01,2013,DET,1508802.3622469064
44,avilalu01,2013,ATL,685309.6131531547
45,avilemi01,2013,CLE,1878184.208800512
46,axelrdy01,2013,CHA,1412402.255059795
47,axforjo01,2013,MIL,1295882.2898949962
48,axforjo01,2013,SLN,940544.0258572069
49,ayalalu01,2013,BAL,773268.8858448707
50,ayalalu01,2013,ATL,836545.4793450753
51,aybarer01,2013,LAA,3538772.476917348
52,badenbu01,2013,MIL,1341792.7718650755
53,bailean01,2013,BOS,2851752.1805866966
54,baileho02,2013,CIN,3242937.9288307196
55,bakerje03,2013,TEX,1234647.083489724
56,bakerjo01,2013,SDN,1018018.5902472902
57,bakersc02,2013,CHN,701752.3797443355
58,balfogr01,2013,OAK,3190307.1678786213
59,bantzbr01,2013,SEA,531350.783133408
60,bardda01,2013,BOS,1353324.6161653502
61,barmecl01,2013,PIT,3281978.915433854
62,barnebr02,2013,HOU,1400770.7977392487
63,barneda01,2013,CHN,2045804.9454941154
64,barnesc01,2013,CLE,657461.9989941807
65,bartoda02,2013,OAK,1330550.082847782
66,bassan01,2013,SDN,819788.2355070114
67,bastaan01,2013,PHI,1005157.864585836
68,bauertr01,2013,CLE,613486.6151218726
69,bautijo02,2013,TOR,8415379.527887724
70,baxtemi01,2013,NYN,984219.8924143524
71,bayja01,2013,SEA,9233938.882635232
72,beachbr01,2013,ATL,1026202.0099366847
73,beatope01,2013,BOS,839294.306615737
74,beavabl01,2013,SEA,1366152.3121282537
75,beckejo02,2013,LAN,8392671.005381986
76,beckhgo01,2013,CHA,1528339.7075818176
77,beckhti01,2013,TBA,502489.88171895803
78,bedarer01,2013,HOU,3568397.722011932
79,belfimi01,2013,BAL,640739.1309061679
80,belisma01,2013,COL,2726636.638943469
81,belisro01,2013,LAN,1296901.5459548952
82,belivje01,2013,TBA,495898.21757696685
83,bellhe01,2013,ARI,4631529.2713724375
84,belowdu01,2013,MIA,861422.0868966039
85,beltbr01,2013,SFN,2423511.126134172
86,beltrad01,2013,TEX,9365398.034973808
87,beltrca01,2013,SLN,7926063.93412027
88,beltren01,2013,TEX,433759.66727141617
89,benoijo01,2013,DET,3783174.564060241
90,berkmla01,2013,TEX,6599502.484576478
91,bernaro01,2013,PHI,952863.9294121345
92,bernaro01,2013,WAS,1158275.5436417279
93,bernido01,2013,MIN,622835.5847146735
94,berryqu01,2013,BOS,434897.26812759833
95,betande01,2013,NYA,974021.1171580404
96,betanra01,2013,COL,2836330.9396179058
97,betanyu01,2013,MIL,2254528.3480516807
98,betemwi01,2013,BAL,1171546.3514705538
99,bethach01,2013,ATL,583471.6044481774
100,bettich01,2013,COL,755981.4842973563
101,biancje01,2013,MIL,569878.2373674929
102,billich01,2013,LAN,4761317.493574335
103,blackch02,2013,COL,1289879.6941496222
104,blacktr01,2013,HOU,623111.9178443458
105,blacktr01,2013,TEX,558488.2284258651
106,blackvi01,2013,NYN,774021.087466372
107,blackvi01,2013,PIT,686996.1979111934
108,blancgr01,2013,SFN,1549830.7608468812
109,blanche01,2013,SEA,1348777.1307660765
110,blanche01,2013,TOR,1141773.7370689898
111,blankky01,2013,SDN,1944041.8221634948
112,blantjo01,2013,LAA,1664706.902295311
113,blazemi01,2013,MIL,561175.5022607315
114,blazemi01,2013,SLN,605689.9264530919
115,blevije01,2013,OAK,955340.3894654182
116,bloomwi01,2013,ARI,1543722.5474933274
117,boescbr01,2013,NYA,1072382.8320411993
118,bogaexa01,2013,BOS,549500.518742545
119,boggsmi01,2013,COL,1024175.174279267
120,boggsmi01,2013,SLN,1096743.799865054
121,bogusbr01,2013,CHN,1319203.1624937886
122,bondeje01,2013,DET,696175.7259063609
123,bondeje01,2013,SEA,827644.809705463
124,bonifem01,2013,KCA,1720862.2108672615
125,bonifem01,2013,TOR,1917588.7645491702
126,bootcch01,2013,NYA,629610.17215597
127,borboju01,2013,TEX,497887.2977817382
128,borboju01,2013,CHN,616039.6938840358
129,boscajc01,2013,CHN,665213.9018192282
130,boshebu01,2013,LAA,591171.9510705245
131,bourgja01,2013,TBA,666332.9242298787
132,bourjpe01,2013,LAA,1194556.1751923803
133,bournmi01,2013,CLE,4155390.2267253
134,bowdemi01,2013,CHN,951333.6803332691
135,boxbebr01,2013,SDN,797883.3376482783
136,brachbr01,2013,SDN,784608.6314624774
137,bradlja02,2013,BOS,782960.7614277063
138,brantmi02,2013,CLE,2155170.4060041034
139,brantro01,2013,MIA,719395.5152611495
140,brasiry01,2013,LAA,606414.4006471105
141,braunry02,2013,MIL,4497588.292006485
142,breslcr01,2013,BOS,1537258.5779145276
143,brewech01,2013,ARI,569715.6485276958
144,brignre01,2013,NYA,788905.7163795403
145,brignre01,2013,COL,828864.596505437
146,brittdr01,2013,BOS,721500.5311872833
147,brittza01,2013,BAL,982583.9607369597
148,brothre01,2013,COL,1085493.7581799836
149,brownan02,2013,NYN,826088.7387558683
150,brownco01,2013,WAS,660257.6599727122
151,browndo01,2013,PHI,2028442.9049707549
152,brownjo05,2013,MIA,669540.759276957
153,broxtjo01,2013,CIN,1400613.1140765836
154,bruceja01,2013,CIN,5346814.635365024
155,buchhcl01,2013,BOS,2767140.796917634
156,buckjo01,2013,NYN,4773852.677897374
157,buckjo01,2013,PIT,3639029.452018394
158,bucknbi02,2013,LAA,715153.5735561608
159,buehrma01,2013,TOR,5309256.331004917
160,buenofr01,2013,KCA,573025.2467262361
161,bumgama01,2013,SFN,2314422.1642982494
162,burgohi01,2013,MIL,800712.9069897223
163,burkegr01,2013,NYN,798736.8237210053
164,burneaj01,2013,PIT,9290942.789841827
165,burneal01,2013,BAL,875946.6281176903
166,burneal01,2013,CHN,865518.2333070184
167,burnese01,2013,LAA,1459623.7660565744
168,burnsco01,2013,TEX,555973.0215532084
169,burtoja01,2013,MIN,1412491.2472780058
170,bushda01,2013,TOR,585273.6791163955
171,bussni01,2013,LAN,509091.2841479711
172,buterdr01,2013,MIN,507903.16603407497
173,buterdr01,2013,LAN,512735.67563100695
174,butlebi03,2013,KCA,6723891.794424309
175,butlejo04,2013,TEX,678098.9525169719
176,butleke01,2013,SLN,474710.4521639026
177,byrdati01,2013,NYN,947867.7007349941
178,byrdma01,2013,NYN,2297895.4116182746
179,byrdma01,2013,PIT,1182942.371870217
180,cabrace01,2013,NYA,840487.1393065883
181,cabreal03,2013,CHN,658315.7036679871
182,cabreas01,2013,CLE,3990355.3339263564
183,cabreev01,2013,SDN,913283.2782735068
184,cabreme01,2013,TOR,3762860.5304668676
185,cabremi01,2013,DET,12853572.04650858
186,cahiltr01,2013,ARI,3273920.0437138723
187,cainlo01,2013,KCA,1760183.0541078635
188,cainma01,2013,SFN,8639420.255109418
189,calhoko01,2013,LAA,978940.833792177
190,callaal01,2013,LAA,2673027.600961536
191,callaal01,2013,OAK,2441861.661638101
192,caminar01,2013,MIA,937255.3003104664
193,campato01,2013,ARI,541210.1958253707
194,campsh01,2013,CHN,716112.7668009449
195,canoro01,2013,NYA,9297067.713215128
196,cappsca01,2013,SEA,1048470.5467612161
197,capuach01,2013,LAN,2536058.154333752
198,carmofa01,2013,TBA,1956485.3559854748
199,carpeda01,2013,ATL,1183002.8599892026
200,carpeda02,2013,LAA,406855.76235309755
201,carpema01,2013,SLN,2502783.74046291
202,carpmi01,2013,BOS,1566632.1752602672
203,carraca01,2013,CLE,868029.8958709284
204,carreez01,2013,CLE,429150.6863053222
205,carreez01,2013,PHI,479158.45548584824
206,carroja01,2013,KCA,1651741.7751587508
207,carroja01,2013,MIN,1882477.3645170853
208,carsoma01,2013,CLE,571863.2088140333
209,carsoro01,2013,NYN,949400.9972467527
210,cartech02,2013,HOU,2636140.296106175
211,cashnan01,2013,SDN,2027853.7124504237
212,casilal01,2013,BAL,1090775.5521614016
213,casteal01,2013,LAN,529187.5926338877
214,casteni01,2013,DET,582024.8790040177
215,castiwe01,2013,CHN,1516920.9579586098
216,castrja01,2013,HOU,1934148.8032847825
217,castrsi01,2013,CHA,772054.5124628129
218,castrst01,2013,CHN,1925741.1529670916
219,cecilbr01,2013,TOR,863476.0053262159
220,cedenro02,2013,HOU,1153990.979567146
221,cedenro02,2013,SDN,1150136.8993513482
222,cedenxa01,2013,HOU,655179.9869581391
223,cedenxa01,2013,WAS,592756.2071258691
224,centeju01,2013,NYN,332821.2297037663
225,cervefr01,2013,NYA,674606.1718168501
226,cespeyo01,2013,OAK,6041822.499864238
227,chacijh01,2013,COL,2077231.152642292
228,chambad01,2013,SLN,560678.0075444418
229,chambjo03,2013,NYA,1835948.2285630722
230,chapmar01,2013,CIN,3835420.745563536
231,chapmke02,2013,HOU,718008.3642629806
232,chatwty01,2013,COL,1282761.800098348
233,chaveen01,2013,SEA,1405602.5259798393
234,chaveer01,2013,ARI,1809107.2472491236
235,chaveje01,2013,OAK,664372.4012496306
236,chenbr01,2013,KCA,3203499.6889259713
237,chenwe02,2013,BAL,2723479.0971835433
238,chiriro01,2013,TEX,569605.2588782059
239,chiselo01,2013,CLE,1094505.825692785
240,choatra01,2013,SLN,680844.9866904381
241,choicmi01,2013,OAK,614770.3743460269
242,choosh01,2013,CIN,5039016.121928933
243,chrisni01,2013,CIN,499087.00041096355
244,cingrto01,2013,CIN,1382629.17916968
245,ciriape01,2013,BOS,405534.47007842804
246,ciriape01,2013,KCA,439096.03339159675
247,ciriape01,2013,SDN,588757.3146306905
248,cishest01,2013,MIA,1728244.402767647
249,cisnejo01,2013,HOU,721349.0626667966
250,claibpr01,2013,NYA,909205.6402192526
251,clarkco01,2013,HOU,467780.02095709764
252,clarkza01,2013,BAL,514866.1906958625
253,clemepa02,2013,HOU,1064349.5252456889
254,cletoma01,2013,SLN,866069.7754451479
255,clevest01,2013,BAL,675145.7105471175
256,clevest01,2013,CHN,683548.239970108
257,clippty01,2013,WAS,1720221.2772534126
258,cloydty01,2013,PHI,1044010.3961932133
259,cobbal01,2013,TBA,1257913.4062070483
260,coellro01,2013,LAA,999909.1868064608
261,coghlch01,2013,MIA,998235.4631160814
262,cokeph01,2013,DET,1138353.681152639
263,colabch01,2013,MIN,1108978.1387585332
264,colege01,2013,PIT,1631441.571088369
265,colemlo01,2013,KCA,701775.8590842532
266,colliti01,2013,KCA,788054.0372957594
267,collmjo01,2013,ARI,1404026.8557621613
268,colomal01,2013,TBA,588202.6526124645
269,colonba01,2013,OAK,2972264.580512976
270,colvity01,2013,COL,992730.1656140406
271,congeha01,2013,LAA,1163803.7224499895
272,constjo01,2013,ATL,368839.9042597171
273,contrjo01,2013,PIT,1948078.8033792358
274,cookry01,2013,OAK,1335967.5536541766
275,corbipa01,2013,ARI,2028953.4054590631
276,corpama01,2013,COL,433553.8285791131
277,corpoca01,2013,HOU,1152080.5697770086
278,correke01,2013,MIN,3468341.3380499575
279,cosarja01,2013,HOU,675426.577678046
280,cottsne01,2013,TEX,888296.385862659
281,cousisc01,2013,LAA,543867.8910523837
282,cowgico01,2013,LAA,783020.5266860477
283,cowgico01,2013,NYN,764154.1442340366
284,cozarza01,2013,CIN,2124129.794783666
285,craigal01,2013,SLN,2661756.8255416984
286,crainje01,2013,CHA,2721884.1052400237
287,crawfbr01,2013,SFN,2060151.1686785738
288,crawfca02,2013,LAN,10355367.99236042
289,crispco01,2013,OAK,4523594.871623413
290,crowaa01,2013,KCA,1557073.4070854965
291,crowetr01,2013,HOU,715967.7791735588
292,cruzlu01,2013,NYA,690959.4416684955
293,cruzlu01,2013,LAN,818544.8174106313
294,cruzne02,2013,TEX,5066665.362244604
295,cruzrh01,2013,HOU,939256.494558457
296,cruzto03,2013,SLN,1050738.237000442
297,cuddymi01,2013,COL,6999007.393714376
298,cuetojo01,2013,CIN,3335882.1962089324
299,culbech01,2013,COL,775439.5682019987
300,cumptbr01,2013,PIT,836431.127448057
301,cunnito01,2013,ATL,546689.8507249027
302,curtije01,2013,SLN,468744.899998209
303,daleyma01,2013,NYA,495635.88287631585
304,danksjo01,2013,CHA,2544686.253671312
305,danksjo02,2013,CHA,995934.7577990056
306,darnatr01,2013,NYN,608841.8743355365
307,darviyu01,2013,TEX,4666495.8517635865
308,davidma02,2013,ARI,938908.995160362
309,davisch02,2013,BAL,4014297.220326934
310,daviser02,2013,WAS,510468.4598979631
311,davisik02,2013,NYN,2018595.5615872033
312,daviskh01,2013,MIL,1196991.6997159366
313,davisra01,2013,TOR,2438558.064314814
314,daviswa01,2013,KCA,2358622.1305607953
315,deazaal01,2013,CHA,2076954.0894248653
316,deckeja01,2013,SDN,504996.1586984033
317,dedunsa01,2013,MIN,1148465.3526845016
318,defraju01,2013,PHI,1173419.1841677618
319,dejesda01,2013,TBA,2606159.5638530687
320,dejesda01,2013,CHN,3086508.3857531855
321,dejesda01,2013,WAS,2313515.655521663
322,delabst01,2013,TOR,1225520.788783709
323,delarda01,2013,LAA,1150831.9413454924
324,delareu01,2013,ARI,410479.83819298656
325,delarjo01,2013,COL,6290301.968300566
326,delarru01,2013,BOS,870354.6711441632
327,delatjo01,2013,BOS,522149.4502763122
328,deleojo02,2013,HOU,493837.6736689529
329,delgara01,2013,ARI,1479506.9525562315
330,dempsry01,2013,BOS,7863657.76149018
331,dendema01,2013,NYN,660323.2476929412
332,denorch01,2013,SDN,2258716.8412777497
333,derosma01,2013,TOR,1631880.5497162403
334,descada01,2013,SLN,1439893.0710921902
335,desmoia01,2013,WAS,2450411.917469343
336,detwiro01,2013,WAS,1275605.9511580723
337,devrico01,2013,MIN,546423.3550618282
338,dewitbl01,2013,ATL,492868.8977412733
339,diamosc01,2013,MIN,1488246.8238199
340,diazjo02,2013,BOS,285721.5233556633
341,diazma02,2013,MIA,1531952.5975510902
342,dickech01,2013,BAL,927452.1855356277
343,dickeco01,2013,COL,887210.2937232843
344,dickera01,2013,TOR,4394974.986537578
345,diekmja01,2013,PHI,600703.3043782024
346,dietrde01,2013,MIA,1168533.5908220648
347,dirksan01,2013,DET,1764666.0763260773
348,dobbsgr01,2013,MIA,1967126.6253754976
349,dolisra01,2013,CHN,831267.355069082
350,dominjo01,2013,LAN,317708.0098067294
351,dominma01,2013,HOU,2086442.0443483992
352,donaljo02,2013,OAK,2633056.863527376
353,doolise01,2013,OAK,1042400.2700235392
354,doteloc01,2013,DET,2040344.1879561008
355,doubrfe01,2013,BOS,2051590.9096437697
356,doumiry01,2013,MIN,3256273.2906932766
357,downsda02,2013,DET,826372.6649756606
358,downssc01,2013,LAA,2936485.881716735
359,downssc01,2013,ATL,2889363.875181131
360,doziebr01,2013,MIN,1867321.0336027914
361,drabeky01,2013,TOR,929428.7193503482
362,drewst01,2013,BOS,5076968.811223993
363,dudalu01,2013,NYN,2330308.7596950354
364,duensbr01,2013,MIN,1118742.3731008884
365,duffyda01,2013,KCA,907767.1174919198
366,dukeza01,2013,CIN,635217.0986966614
367,dukeza01,2013,WAS,703049.1517937027
368,duncash01,2013,TBA,1065256.6838073232
369,dunnad01,2013,CHA,9024434.306718878
370,dunnija01,2013,SFN,614933.4096146419
371,dunnmi01,2013,MIA,1043498.8897741712
372,durbich01,2013,PHI,1142858.7396341194
373,dwyerch01,2013,KCA,585273.5860310006
374,dysonja01,2013,KCA,533924.2284644269
375,dysonsa01,2013,MIA,647827.7265765315
376,eatonad02,2013,ARI,892384.0737619773
377,edginjo01,2013,NYN,789279.3522019864
378,ellisaj01,2013,LAN,1684620.7075524516
379,ellisma01,2013,LAN,2570609.761492319
380,ellsbja01,2013,BOS,5346276.488075499
381,elmorja01,2013,HOU,436802.10063886596
382,encared01,2013,TOR,4542116.595707307
383,enrigba01,2013,LAA,759958.8953317853
384,eovalna01,2013,MIA,1149397.5479692924
385,eppleco01,2013,NYA,574761.557248034
386,erlinro01,2013,SDN,797573.9479908147
387,escaled01,2013,COL,755971.7432884888
388,escobal02,2013,KCA,1713494.9620674541
389,escobed01,2013,MIN,660832.065503249
390,escobyu01,2013,TBA,4168615.5400258834
391,espinda01,2013,WAS,1122790.296974348
392,estrama01,2013,MIL,1624983.3778401562
393,ethiean01,2013,LAN,7104703.299059433
394,faluir01,2013,KCA,395725.8920910382
395,familje01,2013,NYN,746957.8673513946
396,farnsky01,2013,TBA,2266375.497680702
397,farnsky01,2013,PIT,2243005.429788747
398,farquda01,2013,SEA,796764.0415023067
399,federti01,2013,LAN,958412.6905573015
400,feldmsc01,2013,BAL,4183632.5525861
401,feldmsc01,2013,CHN,4248077.57775754
402,felicpe01,2013,NYN,523338.4689167808
403,felizne01,2013,TEX,903190.9090947472
404,fernajo02,2013,MIA,1866235.94536713
405,fieldjo03,2013,HOU,664369.2145403374
406,fieldpr01,2013,DET,13339544.345196038
407,fieldth01,2013,LAA,451956.1641853913
408,fienca01,2013,MIN,921167.8072602372
409,fiersmi01,2013,MIL,715910.5258300698
410,fifest01,2013,LAN,1126697.8167171734
411,figaral01,2013,MIL,755468.1405407253
412,figuepe01,2013,OAK,645666.9692099735
413,fistedo01,2013,DET,2463452.0328509295
414,flahery01,2013,BAL,1620969.6453318726
415,florewi01,2013,NYN,618864.4006739524
416,floripe01,2013,MIN,1191444.2466457654
417,flowety01,2013,CHA,1522427.5531419083
418,floydga01,2013,CHA,3994643.147918226
419,flynnbr01,2013,MIA,944576.825185861
420,fontwi01,2013,TEX,731552.9480426174
421,forsylo01,2013,SDN,1217778.8785139238
422,fowlede01,2013,COL,2644698.1456687264
423,francbe01,2013,NYA,605124.1402980741
424,francfr01,2013,NYN,3273817.569764437
425,francje01,2013,COL,1159936.2679121918
426,francje02,2013,KCA,4023740.004524462
427,francje02,2013,SDN,3527226.241351107
428,francju02,2013,ATL,1187140.8081869758
429,francju02,2013,MIL,1719815.2516511888
430,frandke01,2013,PHI,1234721.8790181596
431,frankni01,2013,SEA,1243972.3501474313
432,frasoja01,2013,TEX,2193720.6575777847
433,frazito01,2013,CIN,2213779.3256461946
434,freemfr01,2013,ATL,3126639.179807784
435,freemju02,2013,CIN,392025.91189775476
436,freemsa01,2013,SLN,359196.70139732887
437,freesda01,2013,SLN,2346647.717220568
438,freimna01,2013,OAK,1383219.4511384298
439,frierer01,2013,LAA,1669470.2606660873
440,fryerer01,2013,MIN,693022.1496852245
441,fuentre01,2013,SDN,313699.65997369355
442,fujikky01,2013,CHN,635169.8795721771
443,fuldsa01,2013,TBA,878531.8494745994
444,furbuch01,2013,SEA,1025159.6848691935
445,gallayo01,2013,MIL,4501273.802447272
446,galvifr01,2013,PHI,912070.9561362709
447,garciav01,2013,CHA,1128693.104141878
448,garciav01,2013,DET,940715.0538737238
449,garcifr02,2013,BAL,1265765.8457004563
450,garcifr02,2013,ATL,984943.869909923
451,garcija01,2013,SFN,1787734.362732728
452,garcija02,2013,SLN,2469789.2504372145
453,garcile02,2013,CHA,294993.6909270354
454,garcile02,2013,TEX,293357.4222153567
455,garcilu03,2013,PHI,818474.9611112331
456,garcion01,2013,LAN,629941.9524106989
457,gardnbr01,2013,NYA,2814672.034436897
458,garlajo01,2013,COL,1123072.9482656382
459,garzama01,2013,TEX,5344295.639216088
460,garzama01,2013,CHN,5363158.227219124
461,gastjo01,2013,SLN,593404.833450814
462,gattiev01,2013,ATL,1957580.803258312
463,gaudich01,2013,SFN,1154247.3653812245
464,gausmke01,2013,BAL,802997.9246195201
465,gearrco01,2013,ATL,756820.8388336261
466,geedi01,2013,NYN,2249464.1554192044
467,gennesc01,2013,MIL,704397.8112783895
468,gentrcr01,2013,TEX,1403332.8440730283
469,germaju01,2013,TOR,583674.3451515408
470,germego01,2013,NYN,717951.1772918487
471,getzch01,2013,KCA,1303219.4407817563
472,giambja01,2013,CLE,1976187.7639966025
473,giavojo01,2013,KCA,488551.12379168
474,gibsoky01,2013,MIN,1098408.3388334578
475,gillaco01,2013,CHA,1372860.205257779
476,gilleco01,2013,CHN,793484.2958068028
477,gilleco01,2013,SDN,615831.6805783033
478,gimench01,2013,TBA,688393.1634884453
479,gimenhe01,2013,CHA,838544.6955131306
480,gindlca01,2013,MIL,842060.1964654163
481,goinsry01,2013,TOR,511519.77584102703
482,goldspa01,2013,ARI,3991963.3258933015
483,gomesbr01,2013,TBA,551413.3816526877
484,gomesjo01,2013,BOS,2472552.971534538
485,gomesya01,2013,CLE,1454783.8674961114
486,gomezca01,2013,MIL,2993054.743399988
487,gomezje01,2013,PIT,1247556.6270595752
488,gonzaad01,2013,LAN,12063392.297660884
489,gonzaal02,2013,MIL,2241905.0878704344
490,gonzaal03,2013,NYA,850262.1036007113
491,gonzaal03,2013,CHN,919885.7930972159
492,gonzaca01,2013,COL,4338889.024087051
493,gonzaed01,2013,HOU,677362.9866928016
494,gonzaed01,2013,TOR,672431.2949752449
495,gonzagi01,2013,WAS,3291329.2119740406
496,gonzama01,2013,HOU,1055097.2637861287
497,gonzami02,2013,MIL,842373.3959533803
498,gonzami03,2013,BAL,1494835.0545303556
499,gonzami04,2013,CHA,370527.60163688916
500,gordoal01,2013,KCA,4624577.973968505
501,gordode01,2013,LAN,606001.6929525377
502,gorzeto01,2013,MIL,2446305.7767695836
503,gosean01,2013,TOR,551995.45434639
504,gosewtu01,2013,ARI,467459.632874832
505,gosseph01,2013,ATL,481660.0031426947
506,grandcu01,2013,NYA,5406423.969004678
507,grandya01,2013,SDN,897153.8351022028
508,grayso01,2013,OAK,807307.6746624855
509,greengr01,2013,LAA,759928.033986833
510,greengr01,2013,OAK,445915.63631201023
511,greenni01,2013,MIA,659888.6654110912
512,greenty02,2013,CHA,530580.1396704651
513,gregelu01,2013,SDN,1716750.1143362727
514,greggke01,2013,CHN,3923903.108226505
515,gregodi01,2013,ARI,1327650.9873299268
516,greinza01,2013,LAN,1898900.451681938
517,griffaj01,2013,OAK,2251859.1675914056
518,grillja01,2013,PIT,2026490.3397147167
519,grimmju01,2013,TEX,1257650.9090022873
520,grimmju01,2013,CHN,594986.1337787535
521,grossro01,2013,HOU,1010538.7858444271
522,guerrja01,2013,LAN,788421.5008988706
523,guerrma02,2013,CHN,2608422.997047706
524,guerrma02,2013,LAN,2709995.240041595
525,guilmpr01,2013,CLE,576454.6650107296
526,guthrje01,2013,KCA,5682717.554180324
527,gutiefr01,2013,SEA,3466870.528067385
528,gutieju01,2013,KCA,928788.9167643609
529,gutieju01,2013,LAA,932064.5020101639
530,guzmafr01,2013,TBA,315019.57512928033
531,guzmaje01,2013,SDN,1481668.8615591694
532,gyorkje01,2013,SDN,2058943.8175832094
533,hafnetr01,2013,NYA,7314845.702347188
534,hagadni01,2013,CLE,808505.694709003
535,hairsje02,2013,LAN,1883419.6292482265
536,hairssc01,2013,CHN,1506859.0786106167
537,hairssc01,2013,WAS,1191290.2957172669
538,haleda02,2013,ATL,652445.4464953358
539,hallaro01,2013,PHI,10105634.138560295
540,haltose01,2013,MIL,1219169.4200535547
541,hamelco01,2013,PHI,8602741.379603129
542,hamilbi02,2013,CIN,316641.2796565343
543,hamiljo03,2013,LAA,9186308.609849688
544,hammeja01,2013,BAL,3867004.1719920244
545,handbr01,2013,MIA,756578.3430795616
546,handdo01,2013,MIL,1095857.8055989216
547,hanigry01,2013,CIN,1897409.8151522418
548,hannaja01,2013,CIN,1387831.6660195258
549,hanrajo01,2013,BOS,2747392.454563513
550,hansoto01,2013,LAA,1427549.779983771
551,happja01,2013,TOR,2232063.127326769
552,haranaa01,2013,SEA,3656830.129900581
553,haranaa01,2013,NYN,2814129.6561159934
554,hardyjj01,2013,BAL,5286335.683402331
555,harenda01,2013,WAS,7655010.246564888
556,harpebr03,2013,WAS,2153330.5969680375
557,harrelu01,2013,HOU,1862789.1702591241
558,harribr01,2013,LAA,779375.959407443
559,harrijo05,2013,PIT,898750.5700830601
560,harrima01,2013,TEX,2167287.034779477
561,harriwi02,2013,ARI,1011511.067692095
562,harvema01,2013,NYN,1928206.1339463815
563,hatchch02,2013,MIA,590948.676653326
564,hawkila01,2013,NYN,2487544.533945598
565,hawpebr01,2013,LAA,539306.6770100102
566,hayesbr01,2013,KCA,761231.5232233559
567,headlch01,2013,SDN,3751421.8035171526
568,heathde01,2013,CHA,780434.8384821387
569,hechaad01,2013,MIA,937917.4349499873
570,hefneje01,2013,NYN,1566201.815589976
571,heisech01,2013,CIN,1475513.0715875835
572,hellije01,2013,TBA,1831950.2620816096
573,hellwjo01,2013,MIL,1026934.694886216
574,heltoto01,2013,COL,4428990.73107276
575,hembrhe01,2013,SFN,620692.3260143781
576,hendeji01,2013,MIL,1551937.2103090272
577,hendrli01,2013,MIN,1151994.5499548782
578,hennse01,2013,NYN,770783.6541996875
579,hernace02,2013,PHI,502746.91340188775
580,hernada01,2013,ARI,1408777.2395396228
581,hernafe02,2013,SEA,10637020.38837621
582,hernape02,2013,MIN,846507.2975347529
583,hernara02,2013,LAN,2186142.0028843037
584,herreel01,2013,LAN,403670.81929396815
585,herrejo03,2013,COL,913259.4249380841
586,herreke01,2013,KCA,1224701.0781653835
587,herrmch01,2013,MIN,855234.6613710395
588,hestejo01,2013,LAA,713198.5514939565
589,heywaja01,2013,ATL,2325515.6672011665
590,hicksaa01,2013,MIN,1018643.1064728941
591,hillaa01,2013,ARI,3899064.7702557454
592,hillko01,2013,MIA,590168.9629589778
593,hillri01,2013,CLE,1009279.1812211075
594,hinsker01,2013,ARI,1518962.787609269
595,hochelu01,2013,KCA,2602418.1575886374
596,hoeslj01,2013,BAL,436543.2747480781
597,hoeslj01,2013,HOU,757813.4982903413
598,holadbr01,2013,DET,604515.7697256766
599,hollade01,2013,TEX,2348070.767987436
600,hollagr01,2013,KCA,1806770.6866952884
601,hollima01,2013,SLN,10384763.287222933
602,holmbda01,2013,ARI,696519.7123690015
603,holtbr01,2013,BOS,480216.6139918689
604,hoovejj01,2013,CIN,1035083.5603992315
605,horstje01,2013,PHI,772556.1828921626
606,hosmeer01,2013,KCA,2534184.366634428
607,howarry01,2013,PHI,10550814.70146709
608,howeljp01,2013,LAN,1256727.6287713447
609,hudsoti01,2013,ATL,5165679.205802533
610,huffda01,2013,CLE,867141.7523578682
611,huffda01,2013,NYA,1092323.4771587378
612,hugheja02,2013,PIT,1195915.930948738
613,hugheph01,2013,NYA,3279552.662096627
614,humbeph01,2013,HOU,1160499.925892271
615,hundlni01,2013,SDN,2224668.687093759
616,hunteto01,2013,DET,10490380.109054744
617,hunteto02,2013,BAL,1585728.3011903958
618,hynesco01,2013,SDN,618591.0219800798
619,iannech01,2013,LAA,3100229.723957927
620,ibanera01,2013,SEA,2496822.388276947
621,iglesjo01,2013,BOS,908949.1157020242
622,iglesjo01,2013,DET,789730.295423019
623,infanom01,2013,DET,1344778.3268708335
624,ingebr01,2013,PIT,3029195.2406353448
625,irwinph01,2013,PIT,636748.1436974204
626,ishiktr01,2013,BAL,915877.193330015
627,ishiktr01,2013,NYA,896661.5591209081
628,iwakuhi01,2013,SEA,2534414.2362940274
629,izturce01,2013,CIN,1058443.4281988405
630,izturma01,2013,TOR,2602860.9142843387
631,jacksau01,2013,DET,1961321.8725604545
632,jacksed01,2013,CHN,6574112.917148528
633,jacksry02,2013,SLN,409207.9086747933
634,janispa01,2013,ATL,599886.0951895483
635,janseke01,2013,LAN,2086120.5147693558
636,janssca01,2013,TOR,2391483.267681366
637,jasojo01,2013,OAK,1350426.980738136
638,jayjo02,2013,SLN,2562772.046328513
639,jeffrje01,2013,TOR,559473.1020160066
640,jenkich01,2013,TOR,806625.6134288907
641,jennida01,2013,MIA,767046.9323867813
642,jennide01,2013,TBA,1986277.2346348884
643,jepseke01,2013,LAA,1121754.935984796
644,jeterde01,2013,NYA,7594317.34217712
645,jimence01,2013,PHI,638105.2059291161
646,jimenlu02,2013,LAA,727279.5469810036
647,jimenub01,2013,CLE,3744319.7899952447
648,johnsch05,2013,ATL,2034529.420747052
649,johnsda06,2013,BAL,572747.8320927301
650,johnsel02,2013,KCA,926890.3324547254
651,johnsel02,2013,ATL,746460.3780799527
652,johnser04,2013,CHA,986711.8360062586
653,johnsji04,2013,BAL,3199229.376089288
654,johnsjo09,2013,TOR,7513510.270070474
655,johnske05,2013,TBA,4250769.495321963
656,johnskr01,2013,PIT,586074.4074119921
657,johnsre02,2013,ATL,752437.1874860933
658,johnsro07,2013,SLN,666984.6312119581
659,johnsst02,2013,BAL,771436.3823826811
660,jonesad01,2013,BAL,5558548.198059795
661,jonesga02,2013,PIT,2804038.4465259993
662,jonesna01,2013,CHA,1239164.3344967514
663,jordata01,2013,WAS,831886.3589559593
664,josepco01,2013,NYA,442559.2471582657
665,josepdo01,2013,KCA,467695.27416793164
666,joycema01,2013,TBA,2124213.7485331153
667,jurrjja01,2013,BAL,2985346.2802208276
668,karnsna01,2013,WAS,871943.9815147351
669,kawasmu01,2013,TOR,993588.9442043649
670,kazmisc01,2013,CLE,1526902.2238042396
671,kearnau01,2013,MIA,1083164.0369829014
672,kellesh01,2013,NYA,1001526.7643661075
673,kellydo01,2013,DET,1481355.2376613738
674,kellyjo05,2013,SLN,1172330.203591236
675,kempma01,2013,LAN,6013983.382378747
676,kendrho01,2013,LAA,3883050.941202026
677,kendrky01,2013,PHI,3407564.399493127
678,kenneia01,2013,ARI,1823444.1470548902
679,kenneia01,2013,SDN,1100995.807685696
680,kensilo01,2013,COL,440073.8391036622
681,keppije01,2013,CHA,1881737.2794114957
682,kershcl01,2013,LAN,5511496.879056815
683,keuchda01,2013,HOU,1616850.5920475246
684,kickhmi01,2013,SFN,870727.5496769361
685,kiermke01,2013,TBA,534158.1327395842
686,kiescro01,2013,SFN,872034.159788673
687,kimbrcr01,2013,ATL,2036670.1665347614
688,kinslia01,2013,TEX,4855784.3719576
689,kintzbr01,2013,MIL,904766.4867563334
690,kipnija01,2013,CLE,2265949.1828678413
691,kirkmmi01,2013,TEX,751276.7100762911
692,klubeco01,2013,CLE,1732126.1789562055
693,koberje01,2013,WAS,674269.1386621827
694,koehlto01,2013,MIA,1701128.0939848302
695,kohnmi01,2013,LAA,841464.863195346
696,konerpa01,2013,CHA,7144235.347271065
697,kontoge01,2013,SFN,1137588.78822265
698,kotchca01,2013,MIA,1979311.2119990443
699,kotsama01,2013,SDN,1333871.6749660592
700,kottage01,2013,KCA,1105718.0598911005
701,kozmape01,2013,SLN,1459567.0092064743
702,kratzer01,2013,PHI,1565242.6555210259
703,krausma01,2013,HOU,1048070.3269344866
704,krolia01,2013,WAS,713844.4997190603
705,kubelja01,2013,CLE,4056556.546798667
706,kubelja01,2013,ARI,4609667.773525519
707,kurodhi01,2013,NYA,6250641.946129573
708,lackejo01,2013,BOS,2139179.9887757893
709,laffeaa01,2013,TOR,519364.9808289362
710,laffeaa01,2013,NYN,624243.9027547629
711,lafrobo01,2013,SEA,688732.1268707186
712,lagarju01,2013,NYN,1105915.5471571907
713,lairdbr01,2013,HOU,866715.3856668153
714,lairdge01,2013,ATL,1391282.0475696335
715,lakeju01,2013,CHN,1173983.4208476767
716,lallibl01,2013,MIL,558977.4942014352
717,lamboan01,2013,PIT,636725.116472879
718,langery01,2013,TOR,680695.9206007859
719,langwma01,2013,CLE,671227.0480775551
720,langwma01,2013,ARI,686252.0034387615
721,lannajo01,2013,PHI,1343227.5324280672
722,larocad01,2013,WAS,5777157.157534984
723,larocan01,2013,TOR,537664.5092446564
724,latosma01,2013,CIN,2538895.6684978344
725,lavarry01,2013,BOS,850877.8826032283
726,lawribr01,2013,TOR,1690147.9857997932
727,layneto01,2013,SDN,532848.0750689311
728,leagubr01,2013,LAN,1252981.6843566583
729,leakemi01,2013,CIN,1951509.8061534427
730,leblawa01,2013,HOU,642786.8323915624
731,leblawa01,2013,MIA,927903.6919516518
732,lecursa01,2013,CIN,1057243.3124687546
733,leech01,2013,CLE,498035.24031843385
734,leecl02,2013,PHI,11516681.133308299
735,leesmch01,2013,CHA,693385.1236679277
736,lemahdj01,2013,COL,1236760.9226685571
737,leonsa01,2013,WAS,584508.4520312587
738,lerouch01,2013,PIT,926995.7531007021
739,lerudst01,2013,PHI,600483.618814687
740,lestejo01,2013,BOS,5608189.838165819
741,liddial01,2013,SEA,907806.7226313495
742,lillibr01,2013,NYA,458250.780105314
743,lillibr01,2013,CHN,448986.5178132325
744,lillyte01,2013,LAN,5709959.633335282
745,limch01,2013,CHN,366783.7214773672
746,linceti01,2013,SFN,9509367.080422249
747,lincobr01,2013,TOR,925933.1692562872
748,lindad01,2013,TOR,4618830.9958314095
749,lindbjo01,2013,TEX,1146907.5440146206
750,lindsma01,2013,CHA,900256.8198468017
751,liriafr01,2013,PIT,1649367.8023304227
752,lobatjo01,2013,TBA,1311755.6789517924
753,loch02,2013,HOU,575119.3773976506
754,lockeje01,2013,PIT,1361691.1886417978
755,loeka01,2013,SEA,1858635.5889333575
756,loeka01,2013,ATL,1826789.0406485824
757,loeka01,2013,CHN,1812488.4729784247
758,loganbo02,2013,NYA,1646635.0129864258
759,lohseky01,2013,MIL,7206920.071780052
760,lombast02,2013,WAS,1180839.2917265906
761,loneyja01,2013,TBA,2220850.687280576
762,longoev01,2013,TBA,4777543.140913406
763,lopezja02,2013,SFN,2604556.627741085
764,lopezwi01,2013,COL,850451.3972966811
765,loughda01,2013,KCA,1013096.2010679976
766,loupaa01,2013,TOR,1026494.591474752
767,lowede01,2013,TEX,7367600.211612863
768,lowema01,2013,LAA,1362576.5701462668
769,lowrije01,2013,OAK,2587233.151520855
770,lucased01,2013,MIA,1261387.8122466584
771,lucrojo01,2013,MIL,1866620.9315228737
772,ludwiry01,2013,CIN,1821319.0570229264
773,luekejo01,2013,TBA,781679.3973252941
774,luetglu01,2013,SEA,1011952.0890687369
775,lutzdo01,2013,CIN,884655.8468462231
776,lutzza01,2013,NYN,675774.8294255428
777,lylesjo01,2013,HOU,1667110.3122545746
778,lynnla01,2013,SLN,2659998.5978660886
779,lyonbr01,2013,NYN,3023964.9405604578
780,lyonsty01,2013,SLN,968845.6409960603
781,machama01,2013,BAL,1642339.45839349
782,machije01,2013,SFN,1002517.1048041452
783,magilma01,2013,LAN,786316.9352881648
784,maholpa01,2013,ATL,1943362.3535612836
785,mahonjo01,2013,MIA,816852.9595573256
786,mainejo01,2013,MIA,683545.5305906122
787,maldoma01,2013,MIL,1002523.2356065041
788,manesse01,2013,SLN,651680.8299440569
789,manshje01,2013,COL,808546.0865772935
790,marcush01,2013,NYN,4464792.197696633
791,marisja01,2013,MIA,857395.7940310966
792,markani01,2013,BAL,7679962.646841397
793,marmoca01,2013,CHN,4129070.5031753546
794,marmoca01,2013,LAN,3793182.114760193
795,maronni01,2013,LAA,544453.8354338259
796,marquja01,2013,SDN,1515839.0496348739
797,marrech01,2013,WAS,683476.3510870852
798,marshbr01,2013,NYA,596842.3828443934
799,marshse01,2013,CIN,1977286.898486007
800,marsolo01,2013,CLE,793077.4171031055
801,marteal01,2013,ARI,617225.8573551076
802,martest01,2013,PIT,1681102.9630472665
803,martevi01,2013,SLN,859965.3173393458
804,martica04,2013,SLN,675402.631657169
805,marticr01,2013,ATL,638447.397120903
806,martida02,2013,HOU,382185.8297284951
807,martiet01,2013,PHI,736613.6489226092
808,martife02,2013,HOU,645297.2247769283
809,martijd02,2013,HOU,1609977.1136056357
810,martijo07,2013,CLE,526980.4469918674
811,martile01,2013,TEX,1346329.1909532235
812,martimi02,2013,PHI,618159.6078164794
813,martiru01,2013,PIT,5008528.096260192
814,martish01,2013,MIN,758472.5200387682
815,martivi01,2013,DET,2655699.771529037
816,masteju01,2013,CLE,4244091.047964069
817,mastrda01,2013,MIN,617961.4412626037
818,mathije01,2013,MIA,1691939.8244026406
819,matsuda01,2013,NYN,5326280.911787651
820,matthry01,2013,WAS,905748.637724529
821,matusbr01,2013,BAL,1398795.4700708422
822,mauerjo01,2013,MIN,12043703.6522291
823,maurebr01,2013,SEA,1452658.1344376425
824,maxweju01,2013,HOU,932750.4987865887
825,maxweju01,2013,KCA,1017663.0147077148
826,mayayu01,2013,WAS,583535.2276646756
827,maybejo02,2013,PHI,1895044.3581089024
828,maybica01,2013,SDN,975994.7138766558
829,mazzavi01,2013,PIT,1014002.3244620827
830,mcallza01,2013,CLE,1638988.8077240004
831,mccanbr01,2013,ATL,6857956.5362083325
832,mccarbr01,2013,ARI,3262916.9575614976
833,mccleky01,2013,TEX,1772769.2315549897
834,mccutan01,2013,PIT,2900448.129824366
835,mcdonda02,2013,CHN,922798.8040807256
836,mcdonja03,2013,PIT,1053073.490222585
837,mcdonjo03,2013,BOS,1064200.3756219912
838,mcdonjo03,2013,CLE,1045878.7496396
839,mcdonjo03,2013,PHI,1135866.096016271
840,mcdonjo03,2013,PIT,1109488.1299839267
841,mcfartj01,2013,BAL,962623.3878377075
842,mcgeeja01,2013,TBA,1235980.4706080914
843,mcgowdu01,2013,TOR,831670.4747711245
844,mcguich01,2013,TEX,614001.721377346
845,mchugco01,2013,COL,668989.6159353335
846,mchugco01,2013,NYN,568832.2123374313
847,mckenmi01,2013,PIT,953318.9703775942
848,mclouna01,2013,BAL,1612801.819179833
849,medicto01,2013,SDN,652384.8827332174
850,medinyo01,2013,SEA,1188978.6638666834
851,medlekr01,2013,ATL,2196691.208154335
852,mejiaje01,2013,NYN,737917.4271555275
853,melanma01,2013,PIT,1446059.2972140494
854,mendolu01,2013,KCA,1580398.131282982
855,mercejo03,2013,PIT,1413281.181232398
856,mesame01,2013,NYA,509223.7386881646
857,mesorde01,2013,CIN,1589013.566018939
858,middlwi01,2013,BOS,1693374.9271855722
859,mijarjo01,2013,SFN,1532202.5627996437
860,mikolmi01,2013,SDN,675842.7114878877
861,mileywa01,2013,ARI,2212185.71417753
862,millean01,2013,BOS,1311674.0171431853
863,millebr02,2013,SEA,890348.9193598125
864,milleco01,2013,CIN,890744.9463774336
865,milleji02,2013,NYA,562565.2976313694
866,millesh01,2013,SLN,2089077.9967945032
867,milonto01,2013,OAK,1900102.7099975506
868,minerza01,2013,PHI,859866.5131643
869,minormi01,2013,ATL,2192675.1035373122
870,molinjo01,2013,TBA,1805149.4004959539
871,molinya01,2013,SLN,5026272.907815991
872,moneljo01,2013,SFN,630832.7218927813
873,monteje01,2013,SEA,1031325.5943360892
874,montemi01,2013,ARI,4295924.05700827
875,montzlu01,2013,OAK,750974.0580177112
876,mooread01,2013,KCA,599912.3715310446
877,moorema02,2013,TBA,2134937.296779887
878,moorety01,2013,WAS,1107113.520964838
879,moralfr01,2013,BOS,1157551.5282043405
880,moralke01,2013,SEA,4002718.93904675
881,morelbr01,2013,CHA,914503.6322228522
882,morelmi01,2013,TEX,2484002.342109685
883,morneju01,2013,MIN,8868081.276801325
884,morneju01,2013,PIT,7413617.062507068
885,morribr01,2013,PIT,1058746.248210629
886,morrilo01,2013,MIA,1901997.9101745016
887,morrobr01,2013,TOR,2703994.181659057
888,morsemi01,2013,BAL,2401106.987443457
889,morsemi01,2013,SEA,3349048.7578782057
890,mortecl01,2013,BOS,656290.3020394116
891,mortoch02,2013,PIT,2911568.716590573
892,moscogu01,2013,SFN,729995.9790304259
893,mossbr01,2013,OAK,2222804.002293159
894,moustmi01,2013,KCA,1735104.7730519087
895,moylape01,2013,LAN,717203.1120102259
896,mujiced01,2013,SLN,2188125.776937105
897,murphda07,2013,TEX,3282297.384446785
898,murphda08,2013,NYN,2050623.5963745313
899,murphdo01,2013,CHN,1268528.5993002066
900,murphjr01,2013,NYA,483627.9210762712
901,myersbr01,2013,CLE,969000.7061131182
902,myerswi01,2013,TBA,1935521.0415022378
903,napolmi01,2013,BOS,6776998.732547647
904,narvech01,2013,MIL,792438.8749565007
905,nathajo01,2013,TEX,4776920.700848704
906,navada01,2013,BOS,2402664.5937654446
907,navardi01,2013,CHN,1014601.1677016146
908,navaref01,2013,LAA,523809.07177447435
909,navarya01,2013,BAL,835352.2992499657
910,nealth01,2013,NYA,686740.9283198393
911,nealth01,2013,CHN,644691.6987850941
912,nelsoch01,2013,LAA,933262.0544123901
913,nelsoch01,2013,NYA,810112.9235338666
914,nelsoch01,2013,COL,742683.8463529616
915,nelsoji02,2013,MIL,807966.6797156329
916,neshepa01,2013,OAK,744818.4359291492
917,nicasju01,2013,COL,1887174.9506655964
918,nickemi01,2013,TOR,801185.4967331265
919,niesejo01,2013,NYN,1929180.1451903493
920,nieuwki01,2013,NYN,864333.7983137157
921,nievewi01,2013,ARI,837875.9248741609
922,nixja01,2013,NYA,1143941.1454692534
923,nixla01,2013,PHI,1456862.310796389
924,noesihe01,2013,SEA,901075.9950962341
925,nolasri01,2013,LAN,5406832.510945033
926,nolasri01,2013,MIA,5472739.930421947
927,nolinse01,2013,TOR,800895.09132491
928,noonani01,2013,SFN,537190.0917460397
929,norribu01,2013,BAL,1238124.3274190715
930,norribu01,2013,HOU,1713493.0687610605
931,norride01,2013,OAK,1276169.7031188114
932,novaiv01,2013,NYA,2061915.1437163507
933,nunezed02,2013,NYA,1118739.0635005771
934,nunovi01,2013,NYA,634350.3773170693
935,oberhbr01,2013,HOU,1144678.1322798743
936,odayda01,2013,BAL,1725981.469778039
937,odorija01,2013,TBA,682716.4798656525
938,oflaher01,2013,ATL,1784298.5469212583
939,ogandal01,2013,TEX,1356970.2892105835
940,ohlenro01,2013,WAS,1098595.0229273918
941,okajihi01,2013,OAK,489111.6696116226
942,oliveda02,2013,TOR,2790371.06801051
943,olivomi01,2013,MIA,2424266.996066119
944,olmosed01,2013,MIA,630887.6224479766
945,omogrbr01,2013,CHA,926451.6217990706
946,ondrulo01,2013,CIN,1202279.6520057204
947,orrpe01,2013,PHI,744771.7762974577
948,ortegjo01,2013,DET,481182.8704631049
949,ortizda01,2013,BOS,10123234.776874539
950,ortizjo05,2013,TEX,542875.5763896485
951,ortizra01,2013,TOR,541413.187338793
952,osullse01,2013,SDN,844448.9835554075
953,oswalro01,2013,COL,788897.734967157
954,oteroda01,2013,OAK,968337.2507685232
955,ottavad01,2013,COL,970489.5046007903
956,outmajo01,2013,COL,1060028.574277672
957,overbly01,2013,NYA,2433087.491890441
958,owingch01,2013,ARI,513937.3758267828
959,ozunama01,2013,MIA,1167579.0399069255
960,pachejo01,2013,COL,1145282.150335622
961,paganan01,2013,SFN,3054032.8743315823
962,pagnoma01,2013,HOU,594304.0154013464
963,papeljo01,2013,PHI,6331093.246340377
964,paredji01,2013,HOU,747244.2350859647
965,parkebl01,2013,CHN,979227.8047109721
966,parkeja02,2013,OAK,1796740.6800410822
967,parmech01,2013,MIN,1694631.571826547
968,parnebo01,2013,NYN,1372556.7870614612
969,parrage01,2013,ARI,2081056.5121810287
970,parrama01,2013,CIN,1407290.081421245
971,parrian01,2013,OAK,745678.876167611
972,partccu01,2013,CIN,994065.4268589453
973,pastoty01,2013,ATL,688612.7548050208
974,paterjo01,2013,ARI,879497.4980683872
975,pattotr01,2013,BAL,911385.4209358387
976,paulxa01,2013,CIN,1310072.4970753333
977,paxtoja01,2013,SEA,753869.2067544227
978,peacobr01,2013,HOU,1036046.2388072945
979,pearcst01,2013,BAL,1029806.4161879113
980,peavyja01,2013,BOS,8246201.15349014
981,peavyja01,2013,CHA,8495526.495625816
982,pedrodu01,2013,BOS,5776088.975361527
983,pegueca01,2013,SEA,962845.7201081868
984,peguefr01,2013,SFN,501342.7619328571
985,pelfrmi01,2013,MIN,4401885.681417189
986,penabr01,2013,DET,1331259.9466360607
987,penaca01,2013,HOU,4839374.388006877
988,penaca01,2013,KCA,3831959.7814644193
989,penara02,2013,ATL,585781.9011644949
990,pencehu01,2013,SFN,7158593.266704656
991,pennicl01,2013,ARI,1321169.0264486168
992,peraljh01,2013,DET,4242604.884785256
993,peraljo01,2013,TBA,1897567.9052765872
994,peralwi01,2013,MIL,2147540.55442206
995,perezau01,2013,SLN,676946.3838232055
996,perezch01,2013,CLE,3502109.696161302
997,perezeu01,2013,WAS,438077.3511888324
998,perezhe01,2013,DET,525637.5230813725
999,perezju01,2013,TOR,525142.8629910862
1000,perezju02,2013,SFN,624277.5836252344
1001,perezlu01,2013,TOR,823090.3318855574
1002,perezma02,2013,TEX,1134065.2671237388
1003,perezol01,2013,SEA,992096.9991214382
1004,perezsa02,2013,KCA,2123458.8881537165
1005,perkigl01,2013,MIN,2152433.5041477988
1006,pestavi01,2013,CLE,1063360.2456407724
1007,peterbr02,2013,SLN,652134.9256994764
1008,petersh01,2013,OAK,575276.1608087851
1009,petityu01,2013,SFN,1202745.3526687766
1010,petrija01,2013,CHA,610361.5582567337
1011,pettian01,2013,NYA,1932453.2407737663
1012,pettijo02,2013,PHI,1394976.161050619
1013,phegljo01,2013,CHA,724825.3373381931
1014,phelpco01,2013,CLE,581561.6243009586
1015,phelpda01,2013,NYA,1205576.3051329944
1016,phillbr01,2013,CIN,7903386.212900939
1017,phillza01,2013,MIA,482708.67013061186
1018,piefe01,2013,PIT,460431.06869862415
1019,pierrju01,2013,MIA,1100268.6601342577
1020,pierzaj01,2013,TEX,4610179.583693657
1021,pillake01,2013,TOR,737223.4713784566
1022,pillbr01,2013,SFN,1170744.8862757855
1023,pimenst01,2013,PIT,707996.7623073359
1024,pintojo01,2013,MIN,830610.1420466369
1025,plouftr01,2013,MIN,1901036.9358407161
1026,polanpl01,2013,MIA,4169256.870811468
1027,polloaj01,2013,ARI,1360579.5889424211
1028,pomerdr01,2013,COL,956639.5346196457
1029,porceri01,2013,DET,3002512.1172993723
1030,poseybu01,2013,SFN,2591007.867924579
1031,pradoma01,2013,ARI,4120124.2026767023
1032,preslal01,2013,MIN,853528.4591453543
1033,preslal01,2013,PIT,763355.3589710826
1034,pressry01,2013,MIN,914798.7189290382
1035,priceda01,2013,TBA,3751300.8800597694
1036,pridija01,2013,BAL,515940.4742862892
1037,princjo01,2013,MIL,455521.94752045395
1038,profaju01,2013,TEX,868754.4433180336
1039,pryorst01,2013,SEA,859014.1152915782
1040,puigya01,2013,LAN,2262817.0322262486
1041,pujolal01,2013,LAA,7621783.849462303
1042,puntoni01,2013,LAN,1573168.1076335316
1043,purceda01,2013,CHA,850810.1932064476
1044,putkolu01,2013,DET,812592.2615200276
1045,putnaza01,2013,CHN,678138.112974107
1046,putzjj01,2013,ARI,3081264.2176401895
1047,quallch01,2013,MIA,994533.3516911664
1048,quentca01,2013,SDN,5053401.324791325
1049,quinthu01,2013,SEA,1048371.6151313079
1050,quinthu01,2013,PHI,1142474.0052667432
1051,quintjo01,2013,CHA,1808749.1396222487
1052,quintom01,2013,NYN,1280246.4142922023
1053,quirogu01,2013,SFN,818235.8615744584
1054,raburry01,2013,CLE,2397788.729086529
1055,raleybr01,2013,CHN,671192.0548677146
1056,ramiral03,2013,CHA,3660852.4716317235
1057,ramirar01,2013,MIL,4262756.827720934
1058,ramirer02,2013,SEA,1068834.8616033685
1059,ramirha01,2013,LAN,1775575.2599104727
1060,ramirjc01,2013,PHI,942795.9657878967
1061,ramirjo01,2013,CLE,259981.82308450434
1062,ramirra02,2013,SFN,1727879.4693109663
1063,ramirwi01,2013,MIN,875400.5691680338
1064,ramosaj01,2013,MIA,949254.5801367019
1065,ramosce01,2013,TBA,885955.7063916661
1066,ramoswi01,2013,WAS,1456876.2927289447
1067,ransoco01,2013,CHN,1003182.0749131711
1068,ransoco01,2013,SDN,522919.3113066517
1069,rapadcl01,2013,CLE,734770.1946819075
1070,rasmuco01,2013,TOR,2943034.4543303633
1071,rasmuco02,2013,LAA,475574.800096381
1072,rasmuco02,2013,ATL,558564.5419879667
1073,rauchjo01,2013,MIA,2738290.90568547
1074,reckean01,2013,NYN,1086550.476483584
1075,reddijo01,2013,OAK,1784358.8765922724
1076,redmoto01,2013,TOR,1374509.8607528135
1077,reedad01,2013,CHA,1977502.6244563716
1078,reedev01,2013,DET,910416.7904476442
1079,reidry01,2013,PIT,668212.2664638464
1080,reimono01,2013,BAL,1189690.6356821908
1081,rendoan01,2013,WAS,1341630.6174955964
1082,resopch01,2013,OAK,1165993.758384219
1083,reverbe01,2013,PHI,869655.5871902427
1084,reyesjo01,2013,TOR,5715374.080963234
1085,reynogr01,2013,CIN,964093.953195957
1086,reynoma01,2013,CLE,5105311.852179338
1087,reynoma01,2013,NYA,4384549.485686803
1088,reynoma01,2013,ARI,4010151.037324355
1089,reynoma02,2013,ARI,1106602.1753098778
1090,ricesc01,2013,NYN,838838.0308575348
1091,richacl01,2013,SDN,2350350.295172567
1092,richaga01,2013,LAA,1423721.937905705
1093,rienzan01,2013,CHA,858070.0334825516
1094,riosal01,2013,CHA,7246521.173321155
1095,riosal01,2013,TEX,6586598.713709842
1096,riverma01,2013,NYA,8073018.535376052
1097,riverre01,2013,SDN,747983.878821945
1098,rizzoan01,2013,CHN,2755682.660455133
1099,roarkta01,2013,WAS,934202.0090417773
1100,roberbr01,2013,BAL,5392858.3328379495
1101,roberda08,2013,NYA,1584591.4095854019
1102,roberry01,2013,TBA,1566775.7443354023
1103,roberty01,2013,MIN,888245.1940623408
1104,robinch02,2013,SDN,647702.4021089028
1105,robinde02,2013,CIN,620100.6575346848
1106,robinsh01,2013,SLN,833064.1915803459
1107,roblema01,2013,PHI,501480.3450200262
1108,rodnefe01,2013,TBA,2252876.404585392
1109,rodrial01,2013,NYA,14293765.73288583
1110,rodrifr03,2013,BAL,4143569.3519053673
1111,rodrifr03,2013,MIL,4187762.536676337
1112,rodrihe03,2013,WAS,917110.8866840436
1113,rodrihe04,2013,CIN,479180.0048724443
1114,rodrise01,2013,TBA,1297021.4446541038
1115,rodrist02,2013,LAN,927427.3601941098
1116,rodriwa01,2013,PIT,5517582.551459516
1117,roech01,2013,ARI,544036.7494766889
1118,roenijo01,2013,MIN,965664.5340412855
1119,rogeres01,2013,TOR,1280584.9902290194
1120,rolliji01,2013,PHI,6515305.718170407
1121,romeren01,2013,TBA,359980.31672359724
1122,romerri01,2013,TOR,3014594.9323041243
1123,rominan01,2013,LAA,646946.4258369191
1124,rominau01,2013,NYA,805883.3289609575
1125,romose01,2013,SFN,2050374.92402989
1126,rondobr01,2013,DET,1024516.8346172273
1127,rondohe01,2013,CHN,715343.0261834639
1128,rosalad01,2013,OAK,882313.3492941121
1129,rosalad01,2013,TEX,557978.8144040676
1130,rosarsa02,2013,SFN,689979.9581855256
1131,rosarwi01,2013,COL,1643853.4664230132
1132,rosenbj01,2013,PHI,754277.9396638484
1133,rosentr01,2013,SLN,1273426.7193009593
1134,rossco01,2013,ARI,2764689.5277718054
1135,rosscza01,2013,CHN,545606.1002866724
1136,rossda01,2013,BOS,1607643.2023414704
1137,rossro01,2013,TEX,1231286.6153548202
1138,rossty01,2013,SDN,1541291.4938055552
1139,rothmi01,2013,LAA,722581.3812815973
1140,rufda01,2013,PHI,1738599.2808863982
1141,ruffich01,2013,SEA,596076.9936764634
1142,ruggiju01,2013,MIA,1698066.9422358633
1143,ruizca01,2013,PHI,2932602.6722443053
1144,ruppca01,2013,PHI,799612.7498524804
1145,rusinch01,2013,CHN,932615.6416560013
1146,russeja02,2013,CHN,900454.1090163514
1147,rutlejo01,2013,COL,1060919.7543336125
1148,ryanbr01,2013,NYA,1402989.4622040922
1149,ryanbr01,2013,SEA,1854488.5538113336
1150,ryuhy01,2013,LAN,2091586.9436635002
1151,rzepcma01,2013,CLE,961076.5418465137
1152,rzepcma01,2013,SLN,928813.6382314204
1153,sabatcc01,2013,NYA,12480014.848352037
1154,salasfe01,2013,SLN,999845.6472538579
1155,salazda01,2013,CLE,810632.1914633831
1156,salech01,2013,CHA,2324258.7946747453
1157,saltaja01,2013,BOS,2880748.577475221
1158,samarje01,2013,CHN,3501135.3432135927
1159,sanabal01,2013,MIA,1032624.210970256
1160,sanchan01,2013,DET,1809735.4508043556
1161,sanchan02,2013,CHA,557879.9443349389
1162,sanched01,2013,CHN,323970.4678563848
1163,sanchga01,2013,PIT,1815096.7571446327
1164,sanchhe01,2013,SFN,1105864.8885403834
1165,sanchjo01,2013,PIT,706505.5382005617
1166,sanchto01,2013,PIT,833675.6642596677
1167,sandopa01,2013,SFN,3606857.9480496617
1168,santaca01,2013,CLE,2536900.5520978174
1169,santaer01,2013,KCA,6658828.6901840605
1170,santihe01,2013,CHA,1999114.6733302898
1171,santira01,2013,DET,1647627.4171495293
1172,santoom01,2013,CLE,626410.2890600455
1173,santose01,2013,TOR,1257585.1201851135
1174,sappeda01,2013,CHN,516157.7300660438
1175,satinjo01,2013,NYN,1066234.8807999892
1176,saundjo01,2013,SEA,4491387.497822652
1177,saundmi01,2013,SEA,2132064.093951864
1178,saverjo01,2013,PHI,1009440.868197286
1179,scahiro01,2013,COL,893356.7680529195
1180,schafjo02,2013,ATL,1049812.1011541793
1181,schaflo01,2013,MIL,1044863.8040775848
1182,schepta01,2013,TEX,983849.668402235
1183,scherma01,2013,DET,3749462.9171111127
1184,schiena01,2013,CHN,2124334.799210961
1185,schoojo01,2013,BAL,640184.0890300244
1186,schumsk01,2013,LAN,1821102.4662207882
1187,scottlu01,2013,TBA,3637025.154100704
1188,scribev01,2013,OAK,618245.6696349946
1189,scutama01,2013,SFN,3884183.199379403
1190,seageky01,2013,SEA,2328875.8517095093
1191,segurje01,2013,MIL,1374466.9225990465
1192,selleju01,2013,LAN,618412.3135440857
1193,semiema01,2013,CHA,545428.6897084799
1194,shawbr01,2013,CLE,1247845.6919238167
1195,shielja02,2013,KCA,5477926.4907373935
1196,shoemma01,2013,LAA,709923.3781372644
1197,shoppke01,2013,CLE,1210922.5900350246
1198,shoppke01,2013,SEA,1532534.4862363166
1199,shuckja01,2013,LAA,1333979.111853084
1200,siegrke01,2013,SLN,841107.2342119813
1201,sierrmo01,2013,TOR,993083.4490475771
1202,simmoan01,2013,ATL,1553580.1020815498
1203,simonal01,2013,CIN,1766503.8560833829
1204,sippto01,2013,ARI,849408.8863865244
1205,sizemsc01,2013,OAK,413216.14143864415
1206,skaggty01,2013,ARI,940509.7220702576
1207,skipwky01,2013,MIA,657108.7306172168
1208,sloweke01,2013,MIA,1227835.9433064302
1209,smithbu03,2013,SDN,907867.6941682221
1210,smithjo05,2013,CLE,1738691.35877351
1211,smithse01,2013,OAK,2918619.826726283
1212,smithwi04,2013,KCA,1064915.6255325773
1213,smoakju01,2013,SEA,2280992.746641826
1214,smylydr01,2013,DET,908367.3031163104
1215,snidetr01,2013,PIT,1245340.1295312718
1216,snydebr03,2013,BOS,1025575.5776287974
1217,snydech02,2013,BAL,1049338.649718008
1218,sogarer01,2013,OAK,1340514.956190953
1219,solando01,2013,MIA,1347986.7138785273
1220,solanjh01,2013,WAS,575988.296468392
1221,soriaal01,2013,NYA,9589002.859119859
1222,soriaal01,2013,CHN,9865767.162634365
1223,soriajo01,2013,TEX,651881.0868185728
1224,soriara01,2013,WAS,6369839.51555538
1225,sotoge01,2013,TEX,2967808.960077427
1226,sotone01,2013,CIN,674410.3960202837
1227,spande01,2013,WAS,2773295.600277109
1228,spruize01,2013,ARI,600556.4085535407
1229,stammcr01,2013,WAS,1258147.313134654
1230,stangda01,2013,LAA,625616.5936991875
1231,stantmi03,2013,MIA,2805994.1715828343
1232,stassma01,2013,HOU,573197.9424192132
1233,staufti01,2013,SDN,2428376.8592955726
1234,stewach01,2013,NYA,1258942.3845012924
1235,stinsjo01,2013,BAL,698497.633861989
1236,storedr01,2013,WAS,1262322.0898397714
1237,storemi01,2013,TOR,466955.1233650134
1238,straida01,2013,OAK,1742153.51947801
1239,strasst01,2013,WAS,3912945.672311984
1240,streehu01,2013,SDN,4574012.07747879
1241,stroppe01,2013,BAL,909110.7449097042
1242,stroppe01,2013,CHN,1117719.8922171732
1243,stubbdr01,2013,CLE,1864255.8326034741
1244,stulter01,2013,SDN,1906610.562081398
1245,stutemi01,2013,PHI,744348.9154317211
1246,sucreje01,2013,SEA,754445.781428386
1247,surkaer01,2013,SFN,725945.612601557
1248,susdost01,2013,PHI,543365.4192328758
1249,suzukic01,2013,NYA,1322782.0805864525
1250,suzukku01,2013,OAK,2719932.5164859295
1251,suzukku01,2013,WAS,3383941.2747871317
1252,swarzan01,2013,MIN,1244049.5859667049
1253,sweenry01,2013,CHN,1876910.9828859884
1254,swishni01,2013,CLE,6766080.056429963
1255,tabatjo01,2013,PIT,1677162.1896357946
1256,takahhi01,2013,CHN,2208962.6951039825
1257,tanakke01,2013,SFN,382111.41286696773
1258,taylomi01,2013,OAK,899747.1140720188
1259,tazawju01,2013,BOS,838555.2867094455
1260,teafoev01,2013,KCA,528400.896931038
1261,teagata01,2013,BAL,835802.8472803219
1262,teherju01,2013,ATL,1989465.2300815983
1263,teixema01,2013,NYA,10961474.943739213
1264,tejadmi01,2013,KCA,1014159.4060554751
1265,tejadru01,2013,NYN,933172.4384102542
1266,tekotbl01,2013,CHA,456293.14498263877
1267,tepesni01,2013,TEX,1414824.2246479536
1268,terdojo01,2013,ATL,726754.0670341263
1269,thatcjo01,2013,ARI,1026164.6118386313
1270,thatcjo01,2013,SDN,1189056.361409396
1271,thayeda01,2013,SDN,988787.4905999135
1272,thielca01,2013,MIN,667439.4760486162
1273,tholejo01,2013,TOR,800014.8425974285
1274,thomacl02,2013,MIN,1311058.7436272604
1275,thornma01,2013,BOS,3209800.5577979777
1276,thornma01,2013,CHA,3292611.925806593
1277,thornty01,2013,MIL,739138.4940144715
1278,tillmch01,2013,BAL,1972262.6651500473
1279,tollesh01,2013,LAN,589623.6227275154
1280,tomlijo01,2013,CLE,690358.9866727961
1281,tonkimi01,2013,MIN,730812.9289072074
1282,torreal01,2013,TBA,670288.7151177926
1283,torrean02,2013,SFN,2222024.734324293
1284,torreca01,2013,NYN,1033627.489209326
1285,torreyo01,2013,COL,779815.7162399048
1286,tovarwi01,2013,NYN,373932.56583465636
1287,tracych01,2013,WAS,1039346.6786670065
1288,triunca01,2013,SEA,625202.5612672344
1289,troncra01,2013,CHA,782721.110109526
1290,troutmi01,2013,LAA,3102143.2087466167
1291,trumbma01,2013,LAA,3064262.9263111707
1292,tuiasma01,2013,DET,1245227.511295842
1293,tulowtr01,2013,COL,6049399.51702041
1294,turneja01,2013,MIA,1253393.2561197858
1295,turneju01,2013,NYN,1192546.6344051645
1296,ueharko01,2013,BOS,2924426.376302394
1297,ugglada01,2013,ATL,7719665.270429607
1298,uptonbj01,2013,ATL,4510631.987207171
1299,uptonju01,2013,ATL,5695839.043559242
1300,uribeju01,2013,LAN,5398824.772043307
1301,urruthe01,2013,BAL,590705.2186018263
1302,utleych01,2013,PHI,8446363.043503284
1303,valaich01,2013,MIA,711704.8022480649
1304,valbulu01,2013,CHN,1488634.3645988693
1305,valdejo02,2013,NYN,707378.878175803
1306,valdelu01,2013,BAL,448168.0958577243
1307,valdera02,2013,PHI,797823.1351979417
1308,valenda01,2013,BAL,1088178.1669682432
1309,valvejo01,2013,DET,5116306.945064756
1310,vanslsc01,2013,LAN,1358149.4100715993
1311,vargaja01,2013,LAA,3667447.757257997
1312,varvaan01,2013,ATL,1015764.893469254
1313,vealdo01,2013,CHA,873537.4636176284
1314,velazgi01,2013,MIA,445136.9380098798
1315,venabwi01,2013,SDN,2396809.497777947
1316,ventuyo01,2013,KCA,442218.7592591753
1317,verasjo01,2013,DET,1791075.2248756122
1318,verasjo01,2013,HOU,2289486.2880839333
1319,verlaju01,2013,DET,10876928.732290436
1320,vicieda01,2013,CHA,2893948.328377908
1321,victosh01,2013,BOS,2098036.432698266
1322,villabr02,2013,BOS,333360.9974656773
1323,villabr02,2013,DET,397249.43450157647
1324,villaca01,2013,CHN,2459067.326981346
1325,villajo01,2013,HOU,583373.2199499542
1326,villape01,2013,CIN,748502.6668950231
1327,vinceni01,2013,SDN,711632.0892095871
1328,vogelry01,2013,SFN,2792410.5700647705
1329,vogtst01,2013,OAK,918366.6866882904
1330,volqued01,2013,LAN,1791776.849742163
1331,volqued01,2013,SDN,2751965.9156030915
1332,volstch01,2013,COL,2009523.9517208384
1333,vottojo01,2013,CIN,8242425.51013085
1334,wachami01,2013,SLN,977886.284665776
1335,wagnene01,2013,TOR,727466.2676308067
1336,wainwad01,2013,SLN,6505968.532307461
1337,waldejo01,2013,ATL,1196769.43458906
1338,walkene01,2013,PIT,2437484.4348682193
1339,walketa01,2013,SEA,669664.9999317701
1340,wallabr01,2013,HOU,1577648.675655372
1341,walljo02,2013,LAN,679942.0171413065
1342,waltepj01,2013,MIN,929216.2490057112
1343,walteza01,2013,WAS,617177.4743469928
1344,wangch01,2013,TOR,2656493.0062379185
1345,warread01,2013,NYA,1020869.797603657
1346,watkilo01,2013,CHN,422052.04016501294
1347,watsoto01,2013,PIT,1377752.7870818488
1348,weaveje02,2013,LAA,7921950.776818936
1349,webbda01,2013,CHA,642688.9174395357
1350,webbry01,2013,MIA,1330044.0422931425
1351,weberth01,2013,TOR,611574.2995061602
1352,weberth01,2013,SDN,618825.5348631346
1353,webstal01,2013,BOS,747810.1856977975
1354,weeksje01,2013,OAK,511646.63093988714
1355,weeksri01,2013,MIL,6366102.933379976
1356,welkedu01,2013,PIT,778581.1973355743
1357,wellsca01,2013,CHA,953178.7971326453
1358,wellsca01,2013,OAK,869544.3924955328
1359,wellsca01,2013,PHI,907531.1341818455
1360,wellsve01,2013,NYA,12240623.584895957
1361,werthja01,2013,WAS,8576729.460558236
1362,westbja01,2013,SLN,5279840.238886027
1363,wheelry01,2013,COL,773294.6656548772
1364,wheelza01,2013,NYN,1230605.3866534932
1365,wietema01,2013,BAL,2440662.1055646315
1366,wiggity01,2013,SLN,2507694.657627219
1367,wilheto01,2013,SEA,1418693.0355653577
1368,willije01,2013,LAA,360181.5164913484
1369,willijo03,2013,MIN,5407607.459579963
1370,wilsoal01,2013,BOS,715009.062234035
1371,wilsobr01,2013,LAN,4337584.747948223
1372,wilsocj01,2013,LAA,6487589.440758279
1373,wilsojo03,2013,ARI,525337.8401793421
1374,wilsoju10,2013,PIT,965921.6813696767
1375,wisede01,2013,CHA,608612.5208497406
1376,withrch01,2013,LAN,826686.5897472734
1377,wolfro01,2013,TEX,652000.9148308798
1378,wongko01,2013,SLN,476536.91753619397
1379,woodal02,2013,ATL,915074.4952597371
1380,woodbl01,2013,CLE,760452.2009668993
1381,woodtr01,2013,CHN,1777549.5317843207
1382,wootero01,2013,MIL,727780.8401651043
1383,workmbr01,2013,BOS,852365.0012564333
1384,worleva01,2013,MIN,1336375.3070663842
1385,worthda01,2013,DET,675677.7874796521
1386,wrighda03,2013,NYN,8509909.70040616
1387,wrighja01,2013,TBA,1549907.4553323505
1388,wrighst01,2013,BOS,778552.052272588
1389,wrighwe01,2013,HOU,954561.637358553
1390,wrighwe01,2013,TBA,739178.8297872131
1391,yelicch01,2013,MIA,1167614.6091819592
1392,youklke01,2013,NYA,6354833.138436183
1393,youngch04,2013,OAK,4565015.271496369
1394,youngde03,2013,TBA,3910916.9528296273
1395,youngde03,2013,PHI,4477541.902328047
1396,younger03,2013,COL,763784.0875317939
1397,younger03,2013,NYN,1274282.44936625
1398,youngmi02,2013,LAN,7647826.850987366
1399,youngmi02,2013,PHI,8713565.535531435
1400,zagurmi01,2013,NYA,792288.9081377557
1401,zagurmi01,2013,PIT,837924.957433304
1402,zeidjo01,2013,HOU,808175.1870296884
1403,zieglbr01,2013,ARI,1854765.0047151968
1404,zimmejo02,2013,WAS,3281004.206972275
1405,zimmery01,2013,WAS,7501520.367382784
1406,zitoba01,2013,SFN,9765780.117388263
1407,zobribe01,2013,TBA,4520280.566978286
1408,zuninmi01,2013,SEA,1083404.6070535355
