,playerID,yearID,predicted
0,aardsda01,2013.0,749898.4777998982
1,abadfe01,2013.0,730935.6867641986
2,abreuto01,2013.0,1978926.6743654907
3,aceveal01,2013.0,1565713.3467850224
4,ackledu01,2013.0,2506551.612280174
5,adamsda02,2013.0,1978926.6743654907
6,adamsma01,2013.0,1978926.6743654907
7,adamsmi03,2013.0,4668673.241959711
8,adducji02,2013.0,1978926.6743654907
9,adriaeh01,2013.0,1978926.6743654907
10,affelje01,2013.0,5198482.202346659
11,alberan01,2013.0,1978926.6743654907
12,alberma01,2013.0,1978926.6743654907
13,albural01,2013.0,743587.739310565
14,allenco01,2013.0,1978926.6743654907
15,almonab01,2013.0,1978926.6743654907
16,almonzo01,2013.0,1978926.6743654907
17,alonsyo01,2013.0,1782403.6977074197
18,altuvjo01,2013.0,728400.3182809714
19,alvarhe01,2013.0,728273.5060564262
20,alvarjo02,2013.0,1978926.6743654907
21,alvarpe01,2013.0,2606544.57008264
22,amarial01,2013.0,725863.2786714167
23,ambrihe01,2013.0,1978926.6743654907
24,amesst01,2013.0,1978926.6743654907
25,anderbr04,2013.0,3618763.9111323226
26,anderbr05,2013.0,1978926.6743654907
27,andinro01,2013.0,1674722.3187986142
28,andruel01,2013.0,3023888.4802206596
29,ankieri01,2013.0,1620391.3436957388
30,ankieri01,2013.0,1620391.3436957388
31,aokino01,2013.0,1343169.41965036
32,archech01,2013.0,1978926.6743654907
33,arciaos01,2013.0,1978926.6743654907
34,arenano01,2013.0,1978926.6743654907
35,arencjp01,2013.0,736760.7356618886
36,ariasjo01,2013.0,1978926.6743654907
37,arrieja01,2013.0,735368.5844402803
38,arrieja01,2013.0,735368.5844402803
39,arroybr01,2013.0,7853181.43697889
40,ascheco01,2013.0,1978926.6743654907
41,atchisc01,2013.0,762489.9672042873
42,aumonph01,2013.0,1978926.6743654907
43,avilaal01,2013.0,762489.9672042873
44,avilalu01,2013.0,1978926.6743654907
45,avilemi01,2013.0,1565713.3467850224
46,axelrdy01,2013.0,1978926.6743654907
47,axforjo01,2013.0,781303.9223702521
48,axforjo01,2013.0,781303.9223702521
49,ayalalu01,2013.0,1142560.1837888127
50,ayalalu01,2013.0,1142560.1837888127
51,aybarer01,2013.0,5263973.434064924
52,badenbu01,2013.0,1427385.7583739958
53,bailean01,2013.0,4218341.239483205
54,baileho02,2013.0,2828947.788055528
55,bakerje03,2013.0,1978926.6743654907
56,bakerjo01,2013.0,1054564.2611679141
57,bakersc02,2013.0,1978926.6743654907
58,balfogr01,2013.0,4309108.629809974
59,bantzbr01,2013.0,1978926.6743654907
60,bardda01,2013.0,2007298.390706885
61,barmecl01,2013.0,5198482.202346659
62,barnebr02,2013.0,1978926.6743654907
63,barneda01,2013.0,749898.4777998982
64,barnesc01,2013.0,1978926.6743654907
65,bartoda02,2013.0,1455247.399789205
66,bassan01,2013.0,731315.8483965585
67,bastaan01,2013.0,756199.1820742331
68,bauertr01,2013.0,1978926.6743654907
69,bautijo02,2013.0,12356064.419697847
70,baxtemi01,2013.0,724594.1296792934
71,bayja01,2013.0,15352679.219533367
72,beachbr01,2013.0,743587.739310565
73,beatope01,2013.0,1978926.6743654907
74,beavabl01,2013.0,732836.1212562558
75,beckejo02,2013.0,14547334.057291562
76,beckhgo01,2013.0,775042.2282189222
77,beckhti01,2013.0,1978926.6743654907
78,bedarer01,2013.0,4757735.268782641
79,belfimi01,2013.0,1978926.6743654907
80,belisma01,2013.0,4104358.762914661
81,belisro01,2013.0,724594.1296792934
82,belivje01,2013.0,1978926.6743654907
83,bellhe01,2013.0,6898455.075265828
84,belowdu01,2013.0,727132.0078688528
85,beltbr01,2013.0,725863.2786714167
86,beltrad01,2013.0,13094094.233251426
87,beltrca01,2013.0,11609590.399075871
88,beltren01,2013.0,1978926.6743654907
89,benoijo01,2013.0,5632258.743490964
90,berkmla01,2013.0,10853913.173844952
91,bernaro01,2013.0,741692.5435803572
92,bernaro01,2013.0,741692.5435803572
93,bernido01,2013.0,1978926.6743654907
94,berryqu01,2013.0,1978926.6743654907
95,betande01,2013.0,1978926.6743654907
96,betanra01,2013.0,4309108.629809974
97,betanyu01,2013.0,2405797.7756894343
98,betemwi01,2013.0,1620391.3436957388
99,bethach01,2013.0,1978926.6743654907
100,bettich01,2013.0,1978926.6743654907
101,biancje01,2013.0,1978926.6743654907
102,billich01,2013.0,8521746.22166128
103,blackch02,2013.0,724594.1296792934
104,blacktr01,2013.0,1978926.6743654907
105,blacktr01,2013.0,1978926.6743654907
106,blackvi01,2013.0,1978926.6743654907
107,blackvi01,2013.0,1978926.6743654907
108,blancgr01,2013.0,770025.9745154529
109,blanche01,2013.0,1620391.3436957388
110,blanche01,2013.0,1620391.3436957388
111,blankky01,2013.0,740302.1508430343
112,blantjo01,2013.0,1978926.6743654907
113,blazemi01,2013.0,1978926.6743654907
114,blazemi01,2013.0,1978926.6743654907
115,blevije01,2013.0,737266.8490237568
116,bloomwi01,2013.0,2304238.750478488
117,boescbr01,2013.0,753050.0769640777
118,bogaexa01,2013.0,1978926.6743654907
119,boggsmi01,2013.0,757458.1289928434
120,boggsmi01,2013.0,757458.1289928434
121,bogusbr01,2013.0,728400.3182809714
122,bondeje01,2013.0,1978926.6743654907
123,bondeje01,2013.0,1978926.6743654907
124,bonifem01,2013.0,2606544.57008264
125,bonifem01,2013.0,2606544.57008264
126,bootcch01,2013.0,1978926.6743654907
127,borboju01,2013.0,1978926.6743654907
128,borboju01,2013.0,1978926.6743654907
129,boscajc01,2013.0,1978926.6743654907
130,boshebu01,2013.0,1978926.6743654907
131,bourgja01,2013.0,734735.6235755063
132,bourjpe01,2013.0,749898.4777998982
133,bournmi01,2013.0,6769782.045185646
134,bowdemi01,2013.0,729668.2109126295
135,boxbebr01,2013.0,1978926.6743654907
136,brachbr01,2013.0,1978926.6743654907
137,bradlja02,2013.0,1978926.6743654907
138,brantmi02,2013.0,743966.6687166563
139,brantro01,2013.0,1978926.6743654907
140,brasiry01,2013.0,1978926.6743654907
141,braunry02,2013.0,6990414.52165971
142,breslcr01,2013.0,2196681.087859283
143,brewech01,2013.0,1978926.6743654907
144,brignre01,2013.0,738025.8958249758
145,brignre01,2013.0,738025.8958249758
146,brittdr01,2013.0,1978926.6743654907
147,brittza01,2013.0,732202.7468316024
148,brothre01,2013.0,724594.1296792934
149,brownan02,2013.0,1978926.6743654907
150,brownco01,2013.0,1978926.6743654907
151,browndo01,2013.0,1978926.6743654907
152,brownjo05,2013.0,1978926.6743654907
153,broxtjo01,2013.0,1978926.6743654907
154,bruceja01,2013.0,5234884.787107196
155,buchhcl01,2013.0,4081490.7357995827
156,buckjo01,2013.0,6481694.744370807
157,buckjo01,2013.0,6481694.744370807
158,bucknbi02,2013.0,1978926.6743654907
159,buehrma01,2013.0,6898455.075265828
160,buenofr01,2013.0,1978926.6743654907
161,bumgama01,2013.0,824875.9319382551
162,burgohi01,2013.0,1978926.6743654907
163,burkegr01,2013.0,1978926.6743654907
164,burneaj01,2013.0,14186703.707484795
165,burneal01,2013.0,737266.8490237568
166,burneal01,2013.0,737266.8490237568
167,burnese01,2013.0,2755193.7609267314
168,burnsco01,2013.0,1978926.6743654907
169,burtoja01,2013.0,1054564.2611679141
170,bushda01,2013.0,1978926.6743654907
171,bussni01,2013.0,1978926.6743654907
172,buterdr01,2013.0,1978926.6743654907
173,buterdr01,2013.0,1978926.6743654907
174,butlebi03,2013.0,8121852.318860316
175,butlejo04,2013.0,1978926.6743654907
176,butleke01,2013.0,1978926.6743654907
177,byrdati01,2013.0,1343169.41965036
178,byrdma01,2013.0,1978926.6743654907
179,byrdma01,2013.0,1978926.6743654907
180,cabrace01,2013.0,1978926.6743654907
181,cabreal03,2013.0,1978926.6743654907
182,cabreas01,2013.0,4802147.876484136
183,cabreev01,2013.0,1978926.6743654907
184,cabreme01,2013.0,6059796.216442532
185,cabremi01,2013.0,17376037.33232109
186,cahiltr01,2013.0,4035681.675530154
187,cainlo01,2013.0,725672.9331092357
188,cainma01,2013.0,13338342.488899324
189,calhoko01,2013.0,1978926.6743654907
190,callaal01,2013.0,3524903.473385667
191,callaal01,2013.0,3524903.473385667
192,caminar01,2013.0,1978926.6743654907
193,campato01,2013.0,728400.3182809714
194,campsh01,2013.0,812472.1974449476
195,canoro01,2013.0,12356064.419697847
196,cappsca01,2013.0,1978926.6743654907
197,capuach01,2013.0,3383215.7671299167
198,carmofa01,2013.0,1978926.6743654907
199,carpeda01,2013.0,730935.6867641986
200,carpeda02,2013.0,1978926.6743654907
201,carpema01,2013.0,724594.1296792934
202,carpmi01,2013.0,735748.3114713798
203,carraca01,2013.0,1978926.6743654907
204,carreez01,2013.0,1978926.6743654907
205,carreez01,2013.0,1978926.6743654907
206,carroja01,2013.0,3144519.3707719245
207,carroja01,2013.0,3144519.3707719245
208,carsoma01,2013.0,1978926.6743654907
209,carsoro01,2013.0,1978926.6743654907
210,cartech02,2013.0,1978926.6743654907
211,cashnan01,2013.0,732329.4300084235
212,casilal01,2013.0,1763650.2611636764
213,casteal01,2013.0,1978926.6743654907
214,casteni01,2013.0,1978926.6743654907
215,castiwe01,2013.0,1978926.6743654907
216,castrja01,2013.0,732202.7468316024
217,castrsi01,2013.0,1978926.6743654907
218,castrst01,2013.0,833537.5604378543
219,cecilbr01,2013.0,1978926.6743654907
220,cedenro02,2013.0,1510671.502719501
221,cedenro02,2013.0,1510671.502719501
222,cedenxa01,2013.0,1978926.6743654907
223,cedenxa01,2013.0,1978926.6743654907
224,centeju01,2013.0,1978926.6743654907
225,cervefr01,2013.0,1978926.6743654907
226,cespeyo01,2013.0,8521746.22166128
227,chacijh01,2013.0,727132.0078688528
228,chambad01,2013.0,1978926.6743654907
229,chambjo03,2013.0,2072521.5072018655
230,chapmar01,2013.0,5054525.193135328
231,chapmke02,2013.0,1978926.6743654907
232,chatwty01,2013.0,724594.1296792934
233,chaveen01,2013.0,1888866.9714500785
234,chaveer01,2013.0,1229290.4488421858
235,chaveje01,2013.0,1978926.6743654907
236,chenbr01,2013.0,4757735.268782641
237,chenwe02,2013.0,3451363.1892081164
238,chiriro01,2013.0,1978926.6743654907
239,chiselo01,2013.0,1978926.6743654907
240,choatra01,2013.0,1978926.6743654907
241,choicmi01,2013.0,1978926.6743654907
242,choosh01,2013.0,5110916.619373259
243,chrisni01,2013.0,1978926.6743654907
244,cingrto01,2013.0,1978926.6743654907
245,ciriape01,2013.0,1978926.6743654907
246,ciriape01,2013.0,1978926.6743654907
247,ciriape01,2013.0,1978926.6743654907
248,cishest01,2013.0,724594.1296792934
249,cisnejo01,2013.0,1978926.6743654907
250,claibpr01,2013.0,1978926.6743654907
251,clarkco01,2013.0,1978926.6743654907
252,clarkza01,2013.0,1978926.6743654907
253,clemepa02,2013.0,1978926.6743654907
254,cletoma01,2013.0,1978926.6743654907
255,clevest01,2013.0,725228.7567129526
256,clevest01,2013.0,725228.7567129526
257,clippty01,2013.0,2046479.549442068
258,cloydty01,2013.0,1978926.6743654907
259,cobbal01,2013.0,1978926.6743654907
260,coellro01,2013.0,1978926.6743654907
261,coghlch01,2013.0,749898.4777998982
262,cokeph01,2013.0,1455247.399789205
263,colabch01,2013.0,1978926.6743654907
264,colege01,2013.0,1978926.6743654907
265,colemlo01,2013.0,1978926.6743654907
266,colliti01,2013.0,744503.4228661743
267,collmjo01,2013.0,732202.7468316024
268,colomal01,2013.0,1978926.6743654907
269,colonba01,2013.0,2405797.7756894343
270,colvity01,2013.0,725863.2786714167
271,congeha01,2013.0,1978926.6743654907
272,constjo01,2013.0,724594.1296792934
273,contrjo01,2013.0,2902339.6701693796
274,cookry01,2013.0,724594.1296792934
275,corbipa01,2013.0,1978926.6743654907
276,corpama01,2013.0,1978926.6743654907
277,corpoca01,2013.0,1978926.6743654907
278,correke01,2013.0,4309108.629809974
279,cosarja01,2013.0,1978926.6743654907
280,cottsne01,2013.0,1978926.6743654907
281,cousisc01,2013.0,1978926.6743654907
282,cowgico01,2013.0,727766.2153601695
283,cowgico01,2013.0,727766.2153601695
284,cozarza01,2013.0,724594.1296792934
285,craigal01,2013.0,743587.739310565
286,crainje01,2013.0,4757735.268782641
287,crawfbr01,2013.0,725863.2786714167
288,crawfca02,2013.0,16927656.908050183
289,crispco01,2013.0,6059796.216442532
290,crowaa01,2013.0,1994205.9149728855
291,crowetr01,2013.0,1978926.6743654907
292,cruzlu01,2013.0,1978926.6743654907
293,cruzlu01,2013.0,1978926.6743654907
294,cruzne02,2013.0,6271417.021414626
295,cruzrh01,2013.0,724594.1296792934
296,cruzto03,2013.0,725863.2786714167
297,cuddymi01,2013.0,9701132.079893328
298,cuetojo01,2013.0,5546023.831261673
299,culbech01,2013.0,1978926.6743654907
300,cumptbr01,2013.0,1978926.6743654907
301,cunnito01,2013.0,1978926.6743654907
302,curtije01,2013.0,1978926.6743654907
303,daleyma01,2013.0,1978926.6743654907
304,danksjo01,2013.0,2405797.7756894343
305,danksjo02,2013.0,1978926.6743654907
306,darnatr01,2013.0,1978926.6743654907
307,darviyu01,2013.0,5632258.743490964
308,davidma02,2013.0,1978926.6743654907
309,davisch02,2013.0,734735.6235755063
310,daviser02,2013.0,1978926.6743654907
311,davisik02,2013.0,758326.5715121885
312,daviskh01,2013.0,1978926.6743654907
313,davisra01,2013.0,3144519.3707719245
314,daviswa01,2013.0,1888866.9714500785
315,deazaal01,2013.0,743587.739310565
316,deckeja01,2013.0,1978926.6743654907
317,dedunsa01,2013.0,1978926.6743654907
318,defraju01,2013.0,724594.1296792934
319,dejesda01,2013.0,4534472.421516526
320,dejesda01,2013.0,4534472.421516526
321,dejesda01,2013.0,4534472.421516526
322,delabst01,2013.0,725482.5780982665
323,delarda01,2013.0,1978926.6743654907
324,delareu01,2013.0,1978926.6743654907
325,delarjo01,2013.0,9701132.079893328
326,delarru01,2013.0,727766.2153601695
327,delatjo01,2013.0,1978926.6743654907
328,deleojo02,2013.0,1978926.6743654907
329,delgara01,2013.0,724594.1296792934
330,dempsry01,2013.0,12356064.419697847
331,dendema01,2013.0,1978926.6743654907
332,denorch01,2013.0,1527223.3224838912
333,derosma01,2013.0,1113375.5415954904
334,descada01,2013.0,743587.739310565
335,desmoia01,2013.0,765631.675382195
336,detwiro01,2013.0,730935.6867641986
337,devrico01,2013.0,1978926.6743654907
338,dewitbl01,2013.0,1978926.6743654907
339,diamosc01,2013.0,1978926.6743654907
340,diazjo02,2013.0,1978926.6743654907
341,diazma02,2013.0,2531619.553552683
342,dickech01,2013.0,1978926.6743654907
343,dickeco01,2013.0,1978926.6743654907
344,dickera01,2013.0,4979032.0098235225
345,diekmja01,2013.0,1978926.6743654907
346,dietrde01,2013.0,1978926.6743654907
347,dirksan01,2013.0,730935.6867641986
348,dobbsgr01,2013.0,1782403.6977074197
349,dolisra01,2013.0,725228.7567129526
350,dominjo01,2013.0,1978926.6743654907
351,dominma01,2013.0,1978926.6743654907
352,donaljo02,2013.0,724594.1296792934
353,doolise01,2013.0,1978926.6743654907
354,doteloc01,2013.0,3383215.7671299167
355,doubrfe01,2013.0,729668.2109126295
356,doumiry01,2013.0,3383215.7671299167
357,downsda02,2013.0,1978926.6743654907
358,downssc01,2013.0,5198482.202346659
359,downssc01,2013.0,5198482.202346659
360,doziebr01,2013.0,1978926.6743654907
361,drabeky01,2013.0,732076.0595068571
362,drewst01,2013.0,7514871.431389726
363,dudalu01,2013.0,746514.6527315078
364,duensbr01,2013.0,768770.9458267585
365,duffyda01,2013.0,734419.1044486687
366,dukeza01,2013.0,1978926.6743654907
367,dukeza01,2013.0,1978926.6743654907
368,duncash01,2013.0,749898.4777998982
369,dunnad01,2013.0,12356064.419697847
370,dunnija01,2013.0,1978926.6743654907
371,dunnmi01,2013.0,724594.1296792934
372,durbich01,2013.0,1229290.4488421858
373,dwyerch01,2013.0,1978926.6743654907
374,dysonja01,2013.0,1978926.6743654907
375,dysonsa01,2013.0,1978926.6743654907
376,eatonad02,2013.0,1978926.6743654907
377,edginjo01,2013.0,1978926.6743654907
378,ellisaj01,2013.0,737266.8490237568
379,ellisma01,2013.0,2902339.6701693796
380,ellsbja01,2013.0,7758737.909405026
381,elmorja01,2013.0,1978926.6743654907
382,encared01,2013.0,3851443.3729882305
383,enrigba01,2013.0,1978926.6743654907
384,eovalna01,2013.0,1978926.6743654907
385,eppleco01,2013.0,1978926.6743654907
386,erlinro01,2013.0,1978926.6743654907
387,escaled01,2013.0,1978926.6743654907
388,escobal02,2013.0,774415.5332147555
389,escobed01,2013.0,724594.1296792934
390,escobyu01,2013.0,5198482.202346659
391,espinda01,2013.0,757458.1289928434
392,estrama01,2013.0,732202.7468316024
393,ethiean01,2013.0,10049563.449209012
394,faluir01,2013.0,1978926.6743654907
395,familje01,2013.0,1978926.6743654907
396,farnsky01,2013.0,3665521.1740327263
397,farnsky01,2013.0,3665521.1740327263
398,farquda01,2013.0,1978926.6743654907
399,federti01,2013.0,1978926.6743654907
400,feldmsc01,2013.0,6481694.744370807
401,feldmsc01,2013.0,6481694.744370807
402,felicpe01,2013.0,1978926.6743654907
403,felizne01,2013.0,752419.9571160591
404,fernajo02,2013.0,1978926.6743654907
405,fieldjo03,2013.0,1978926.6743654907
406,fieldpr01,2013.0,18757391.787760403
407,fieldth01,2013.0,1978926.6743654907
408,fienca01,2013.0,1978926.6743654907
409,fiersmi01,2013.0,1978926.6743654907
410,fifest01,2013.0,1978926.6743654907
411,figaral01,2013.0,1978926.6743654907
412,figuepe01,2013.0,1978926.6743654907
413,fistedo01,2013.0,759345.8074363429
414,flahery01,2013.0,724594.1296792934
415,florewi01,2013.0,1978926.6743654907
416,floripe01,2013.0,1978926.6743654907
417,flowety01,2013.0,728400.3182809714
418,floydga01,2013.0,6898455.075265828
419,flynnbr01,2013.0,1978926.6743654907
420,fontwi01,2013.0,1978926.6743654907
421,forsylo01,2013.0,726370.8206691273
422,fowlede01,2013.0,2755193.7609267314
423,francbe01,2013.0,1978926.6743654907
424,francfr01,2013.0,5632258.743490964
425,francje01,2013.0,1978926.6743654907
426,francje02,2013.0,6690689.109379832
427,francje02,2013.0,6690689.109379832
428,francju02,2013.0,724594.1296792934
429,francju02,2013.0,724594.1296792934
430,frandke01,2013.0,1978926.6743654907
431,frankni01,2013.0,1978926.6743654907
432,frasoja01,2013.0,4081490.7357995827
433,frazito01,2013.0,1978926.6743654907
434,freemfr01,2013.0,793798.9668793246
435,freemju02,2013.0,1978926.6743654907
436,freemsa01,2013.0,1978926.6743654907
437,freesda01,2013.0,759974.8361871912
438,freimna01,2013.0,1978926.6743654907
439,frierer01,2013.0,1978926.6743654907
440,fryerer01,2013.0,1978926.6743654907
441,fuentre01,2013.0,1978926.6743654907
442,fujikky01,2013.0,1978926.6743654907
443,fuldsa01,2013.0,736507.6543092978
444,furbuch01,2013.0,1978926.6743654907
445,gallayo01,2013.0,5846767.210143795
446,galvifr01,2013.0,724594.1296792934
447,garciav01,2013.0,1978926.6743654907
448,garciav01,2013.0,1978926.6743654907
449,garcifr02,2013.0,1978926.6743654907
450,garcifr02,2013.0,1978926.6743654907
451,garcija01,2013.0,2606544.57008264
452,garcija02,2013.0,3735446.552872195
453,garcile02,2013.0,1978926.6743654907
454,garcile02,2013.0,1978926.6743654907
455,garcilu03,2013.0,1978926.6743654907
456,garcion01,2013.0,1978926.6743654907
457,gardnbr01,2013.0,3192525.6699496396
458,garlajo01,2013.0,1978926.6743654907
459,garzama01,2013.0,8918118.56276333
460,garzama01,2013.0,8918118.56276333
461,gastjo01,2013.0,1978926.6743654907
462,gattiev01,2013.0,1978926.6743654907
463,gaudich01,2013.0,874145.9105960802
464,gausmke01,2013.0,1978926.6743654907
465,gearrco01,2013.0,1978926.6743654907
466,geedi01,2013.0,752419.9571160591
467,gennesc01,2013.0,1978926.6743654907
468,gentrcr01,2013.0,730048.4973846084
469,germaju01,2013.0,1978926.6743654907
470,germego01,2013.0,1978926.6743654907
471,getzch01,2013.0,1306366.6086436596
472,giambja01,2013.0,1343169.41965036
473,giavojo01,2013.0,1978926.6743654907
474,gibsoky01,2013.0,1978926.6743654907
475,gillaco01,2013.0,1978926.6743654907
476,gilleco01,2013.0,1978926.6743654907
477,gilleco01,2013.0,1978926.6743654907
478,gimench01,2013.0,1978926.6743654907
479,gimenhe01,2013.0,1978926.6743654907
480,gindlca01,2013.0,1978926.6743654907
481,goinsry01,2013.0,1978926.6743654907
482,goldspa01,2013.0,727132.0078688528
483,gomesbr01,2013.0,1978926.6743654907
484,gomesjo01,2013.0,1343169.41965036
485,gomesya01,2013.0,1978926.6743654907
486,gomezca01,2013.0,2367810.0322559183
487,gomezje01,2013.0,728019.8690699191
488,gonzaad01,2013.0,17970499.712976374
489,gonzaal02,2013.0,3851443.3729882305
490,gonzaal03,2013.0,1054564.2611679141
491,gonzaal03,2013.0,1054564.2611679141
492,gonzaca01,2013.0,5570687.73951251
493,gonzaed01,2013.0,1978926.6743654907
494,gonzaed01,2013.0,1978926.6743654907
495,gonzagi01,2013.0,3712165.8363787676
496,gonzama01,2013.0,724594.1296792934
497,gonzami02,2013.0,1978926.6743654907
498,gonzami03,2013.0,1978926.6743654907
499,gonzami04,2013.0,1978926.6743654907
500,gordoal01,2013.0,5001058.269589668
501,gordode01,2013.0,730935.6867641986
502,gorzeto01,2013.0,3383215.7671299167
503,gosean01,2013.0,1978926.6743654907
504,gosewtu01,2013.0,1978926.6743654907
505,gosseph01,2013.0,1978926.6743654907
506,grandcu01,2013.0,9311183.486162355
507,grandya01,2013.0,1978926.6743654907
508,grayso01,2013.0,1978926.6743654907
509,greengr01,2013.0,1978926.6743654907
510,greengr01,2013.0,1978926.6743654907
511,greenni01,2013.0,1978926.6743654907
512,greenty02,2013.0,1978926.6743654907
513,gregelu01,2013.0,1941671.646906931
514,greggke01,2013.0,5372784.915211231
515,gregodi01,2013.0,1978926.6743654907
516,greinza01,2013.0,1978926.6743654907
517,griffaj01,2013.0,1978926.6743654907
518,grillja01,2013.0,1455247.399789205
519,grimmju01,2013.0,1978926.6743654907
520,grimmju01,2013.0,1978926.6743654907
521,grossro01,2013.0,1978926.6743654907
522,guerrja01,2013.0,734735.6235755063
523,guerrma02,2013.0,4945074.553285835
524,guerrma02,2013.0,4945074.553285835
525,guilmpr01,2013.0,1978926.6743654907
526,guthrje01,2013.0,7880126.450085141
527,gutiefr01,2013.0,5900160.264874322
528,gutieju01,2013.0,1978926.6743654907
529,gutieju01,2013.0,1978926.6743654907
530,guzmafr01,2013.0,1978926.6743654907
531,guzmaje01,2013.0,732962.7837082904
532,gyorkje01,2013.0,1978926.6743654907
533,hafnetr01,2013.0,11609590.399075871
534,hagadni01,2013.0,1978926.6743654907
535,hairsje02,2013.0,2656268.363200027
536,hairssc01,2013.0,1455247.399789205
537,hairssc01,2013.0,1455247.399789205
538,haleda02,2013.0,1978926.6743654907
539,hallaro01,2013.0,16677586.752888301
540,haltose01,2013.0,1978926.6743654907
541,hamelco01,2013.0,13094094.233251426
542,hamilbi02,2013.0,1978926.6743654907
543,hamiljo03,2013.0,13277360.521651732
544,hammeja01,2013.0,4979032.0098235225
545,handbr01,2013.0,1978926.6743654907
546,handdo01,2013.0,1978926.6743654907
547,hanigry01,2013.0,1674722.3187986142
548,hannaja01,2013.0,1494085.2920063445
549,hanrajo01,2013.0,4399515.610865984
550,hansoto01,2013.0,793798.9668793246
551,happja01,2013.0,2755193.7609267314
552,haranaa01,2013.0,4309108.629809974
553,haranaa01,2013.0,4309108.629809974
554,hardyjj01,2013.0,7242137.42905672
555,harenda01,2013.0,11421566.309992297
556,harpebr03,2013.0,1978926.6743654907
557,harrelu01,2013.0,727132.0078688528
558,harribr01,2013.0,1978926.6743654907
559,harrijo05,2013.0,729668.2109126295
560,harrima01,2013.0,3335738.1769023053
561,harriwi02,2013.0,1978926.6743654907
562,harvema01,2013.0,1978926.6743654907
563,hatchch02,2013.0,1978926.6743654907
564,hawkila01,2013.0,3383215.7671299167
565,hawpebr01,2013.0,1978926.6743654907
566,hayesbr01,2013.0,724594.1296792934
567,headlch01,2013.0,3828297.4833822446
568,heathde01,2013.0,1978926.6743654907
569,hechaad01,2013.0,1978926.6743654907
570,hefneje01,2013.0,1978926.6743654907
571,heisech01,2013.0,743587.739310565
572,hellije01,2013.0,736634.1970423755
573,hellwjo01,2013.0,1978926.6743654907
574,heltoto01,2013.0,6123427.244549715
575,hembrhe01,2013.0,1978926.6743654907
576,hendeji01,2013.0,1978926.6743654907
577,hendrli01,2013.0,724594.1296792934
578,hennse01,2013.0,1978926.6743654907
579,hernace02,2013.0,1978926.6743654907
580,hernada01,2013.0,748637.1365651988
581,hernafe02,2013.0,16466977.97891056
582,hernape02,2013.0,1978926.6743654907
583,hernara02,2013.0,3571892.0370874424
584,herreel01,2013.0,1978926.6743654907
585,herrejo03,2013.0,727132.0078688528
586,herreke01,2013.0,725419.1243276214
587,herrmch01,2013.0,1978926.6743654907
588,hestejo01,2013.0,1978926.6743654907
589,heywaja01,2013.0,831064.554758561
590,hicksaa01,2013.0,1978926.6743654907
591,hillaa01,2013.0,5632258.743490964
592,hillko01,2013.0,1978926.6743654907
593,hillri01,2013.0,1024926.3154352615
594,hinsker01,2013.0,1994205.9149728855
595,hochelu01,2013.0,3860694.35455407
596,hoeslj01,2013.0,1978926.6743654907
597,hoeslj01,2013.0,1978926.6743654907
598,holadbr01,2013.0,1978926.6743654907
599,hollade01,2013.0,1343169.41965036
600,hollagr01,2013.0,746302.5940365909
601,hollima01,2013.0,14036433.772211825
602,holmbda01,2013.0,1978926.6743654907
603,holtbr01,2013.0,1978926.6743654907
604,hoovejj01,2013.0,1978926.6743654907
605,horstje01,2013.0,1978926.6743654907
606,hosmeer01,2013.0,753050.0769640777
607,howarry01,2013.0,16677586.752888301
608,howeljp01,2013.0,1728721.7034329695
609,hudsoti01,2013.0,8521746.22166128
610,huffda01,2013.0,732456.1090383119
611,huffda01,2013.0,732456.1090383119
612,hugheja02,2013.0,725863.2786714167
613,hugheph01,2013.0,3571892.0370874424
614,humbeph01,2013.0,787556.1340512087
615,hundlni01,2013.0,2405797.7756894343
616,hunteto01,2013.0,15619339.643722057
617,hunteto02,2013.0,741692.5435803572
618,hynesco01,2013.0,1978926.6743654907
619,iannech01,2013.0,3897656.4885422536
620,ibanera01,2013.0,1455247.399789205
621,iglesjo01,2013.0,1978926.6743654907
622,iglesjo01,2013.0,1978926.6743654907
623,infanom01,2013.0,1978926.6743654907
624,ingebr01,2013.0,5632258.743490964
625,irwinph01,2013.0,1978926.6743654907
626,ishiktr01,2013.0,781303.9223702521
627,ishiktr01,2013.0,781303.9223702521
628,iwakuhi01,2013.0,1888866.9714500785
629,izturce01,2013.0,1200513.0073364975
630,izturma01,2013.0,4278892.791929277
631,jacksau01,2013.0,749898.4777998982
632,jacksed01,2013.0,10055516.99418246
633,jacksry02,2013.0,1978926.6743654907
634,janispa01,2013.0,1978926.6743654907
635,janseke01,2013.0,738531.8449553236
636,janssca01,2013.0,2405797.7756894343
637,jasojo01,2013.0,743840.3629736754
638,jayjo02,2013.0,754939.8383976382
639,jeffrje01,2013.0,1978926.6743654907
640,jenkich01,2013.0,1978926.6743654907
641,jennida01,2013.0,1978926.6743654907
642,jennide01,2013.0,733342.7462163662
643,jepseke01,2013.0,751159.4176740351
644,jeterde01,2013.0,13627437.685307538
645,jimence01,2013.0,1978926.6743654907
646,jimenlu02,2013.0,1978926.6743654907
647,jimenub01,2013.0,4489572.354203934
648,johnsch05,2013.0,1978926.6743654907
649,johnsda06,2013.0,1978926.6743654907
650,johnsel02,2013.0,732329.4300084235
651,johnsel02,2013.0,732329.4300084235
652,johnser04,2013.0,1978926.6743654907
653,johnsji04,2013.0,3023888.4802206596
654,johnsjo09,2013.0,12170265.154002205
655,johnske05,2013.0,6376719.916824327
656,johnskr01,2013.0,1978926.6743654907
657,johnsre02,2013.0,1978926.6743654907
658,johnsro07,2013.0,1978926.6743654907
659,johnsst02,2013.0,1978926.6743654907
660,jonesad01,2013.0,6186933.387678655
661,jonesga02,2013.0,2656268.363200027
662,jonesna01,2013.0,724594.1296792934
663,jordata01,2013.0,1978926.6743654907
664,josepco01,2013.0,1978926.6743654907
665,josepdo01,2013.0,1978926.6743654907
666,joycema01,2013.0,749267.8574108031
667,jurrjja01,2013.0,5632258.743490964
668,karnsna01,2013.0,1978926.6743654907
669,kawasmu01,2013.0,904672.9208545234
670,kazmisc01,2013.0,1978926.6743654907
671,kearnau01,2013.0,874145.9105960802
672,kellesh01,2013.0,1978926.6743654907
673,kellydo01,2013.0,1229290.4488421858
674,kellyjo05,2013.0,1978926.6743654907
675,kempma01,2013.0,9506536.182360124
676,kendrho01,2013.0,5067027.432635543
677,kendrky01,2013.0,3929944.0101593547
678,kenneia01,2013.0,774415.5332147555
679,kenneia01,2013.0,774415.5332147555
680,kensilo01,2013.0,1978926.6743654907
681,keppije01,2013.0,1915303.747677068
682,kershcl01,2013.0,7514871.431389726
683,keuchda01,2013.0,1978926.6743654907
684,kickhmi01,2013.0,1978926.6743654907
685,kiermke01,2013.0,1978926.6743654907
686,kiescro01,2013.0,1978926.6743654907
687,kimbrcr01,2013.0,861878.7824555566
688,kinslia01,2013.0,7063817.621273158
689,kintzbr01,2013.0,725863.2786714167
690,kipnija01,2013.0,727258.8577387895
691,kirkmmi01,2013.0,1978926.6743654907
692,klubeco01,2013.0,1978926.6743654907
693,koberje01,2013.0,1978926.6743654907
694,koehlto01,2013.0,1978926.6743654907
695,kohnmi01,2013.0,1978926.6743654907
696,konerpa01,2013.0,10853913.173844952
697,kontoge01,2013.0,726307.3815904022
698,kotchca01,2013.0,3383215.7671299167
699,kotsama01,2013.0,1620391.3436957388
700,kottage01,2013.0,995125.2613267802
701,kozmape01,2013.0,1978926.6743654907
702,kratzer01,2013.0,1978926.6743654907
703,krausma01,2013.0,1978926.6743654907
704,krolia01,2013.0,1978926.6743654907
705,kubelja01,2013.0,7310500.961404938
706,kubelja01,2013.0,7310500.961404938
707,kurodhi01,2013.0,9311183.486162355
708,lackejo01,2013.0,1978926.6743654907
709,laffeaa01,2013.0,1978926.6743654907
710,laffeaa01,2013.0,1978926.6743654907
711,lafrobo01,2013.0,1978926.6743654907
712,lagarju01,2013.0,1978926.6743654907
713,lairdbr01,2013.0,1978926.6743654907
714,lairdge01,2013.0,1343169.41965036
715,lakeju01,2013.0,1978926.6743654907
716,lallibl01,2013.0,1978926.6743654907
717,lamboan01,2013.0,1978926.6743654907
718,langery01,2013.0,1978926.6743654907
719,langwma01,2013.0,1978926.6743654907
720,langwma01,2013.0,1978926.6743654907
721,lannajo01,2013.0,1978926.6743654907
722,larocad01,2013.0,7718195.340912074
723,larocan01,2013.0,1978926.6743654907
724,latosma01,2013.0,812472.1974449476
725,lavarry01,2013.0,1978926.6743654907
726,lawribr01,2013.0,727766.2153601695
727,layneto01,2013.0,1978926.6743654907
728,leagubr01,2013.0,1978926.6743654907
729,leakemi01,2013.0,759345.8074363429
730,leblawa01,2013.0,1978926.6743654907
731,leblawa01,2013.0,1978926.6743654907
732,lecursa01,2013.0,734102.5595050955
733,leech01,2013.0,1978926.6743654907
734,leecl02,2013.0,17723266.675708253
735,leesmch01,2013.0,1978926.6743654907
736,lemahdj01,2013.0,1978926.6743654907
737,leonsa01,2013.0,1978926.6743654907
738,lerouch01,2013.0,732202.7468316024
739,lerudst01,2013.0,1978926.6743654907
740,lestejo01,2013.0,7412819.484066958
741,liddial01,2013.0,726243.9414630756
742,lillibr01,2013.0,1978926.6743654907
743,lillibr01,2013.0,1978926.6743654907
744,lillyte01,2013.0,10599824.745950742
745,limch01,2013.0,1978926.6743654907
746,linceti01,2013.0,15441662.704352317
747,lincobr01,2013.0,1978926.6743654907
748,lindad01,2013.0,5329310.830562877
749,lindbjo01,2013.0,728400.3182809714
750,lindsma01,2013.0,1978926.6743654907
751,liriafr01,2013.0,1978926.6743654907
752,lobatjo01,2013.0,726497.6956812799
753,loch02,2013.0,1978926.6743654907
754,lockeje01,2013.0,1978926.6743654907
755,loeka01,2013.0,2581615.4088957575
756,loeka01,2013.0,2581615.4088957575
757,loeka01,2013.0,2581615.4088957575
758,loganbo02,2013.0,2278717.5207780004
759,lohseky01,2013.0,10996342.80102742
760,lombast02,2013.0,725863.2786714167
761,loneyja01,2013.0,1978926.6743654907
762,longoev01,2013.0,4757735.268782641
763,lopezja02,2013.0,4534472.421516526
764,lopezwi01,2013.0,769398.5085968131
765,loughda01,2013.0,1978926.6743654907
766,loupaa01,2013.0,1978926.6743654907
767,lowede01,2013.0,13094094.233251426
768,lowema01,2013.0,2098501.685873825
769,lowrije01,2013.0,1510671.502719501
770,lucased01,2013.0,1978926.6743654907
771,lucrojo01,2013.0,739796.4309863494
772,ludwiry01,2013.0,2405797.7756894343
773,luekejo01,2013.0,1978926.6743654907
774,luetglu01,2013.0,724594.1296792934
775,lutzdo01,2013.0,1978926.6743654907
776,lutzza01,2013.0,1978926.6743654907
777,lylesjo01,2013.0,1978926.6743654907
778,lynnla01,2013.0,727132.0078688528
779,lyonbr01,2013.0,5632258.743490964
780,lyonsty01,2013.0,1978926.6743654907
781,machama01,2013.0,1978926.6743654907
782,machije01,2013.0,1978926.6743654907
783,magilma01,2013.0,1978926.6743654907
784,maholpa01,2013.0,1978926.6743654907
785,mahonjo01,2013.0,1978926.6743654907
786,mainejo01,2013.0,1978926.6743654907
787,maldoma01,2013.0,1978926.6743654907
788,manesse01,2013.0,1978926.6743654907
789,manshje01,2013.0,1978926.6743654907
790,marcush01,2013.0,7494482.126507732
791,marisja01,2013.0,1978926.6743654907
792,markani01,2013.0,11119499.878607862
793,marmoca01,2013.0,7173652.376848267
794,marmoca01,2013.0,7173652.376848267
795,maronni01,2013.0,1978926.6743654907
796,marquja01,2013.0,1978926.6743654907
797,marrech01,2013.0,1978926.6743654907
798,marshbr01,2013.0,1978926.6743654907
799,marshse01,2013.0,3120464.2423874917
800,marsolo01,2013.0,739417.0981590649
801,marteal01,2013.0,1978926.6743654907
802,martest01,2013.0,1978926.6743654907
803,martevi01,2013.0,1978926.6743654907
804,martica04,2013.0,1978926.6743654907
805,marticr01,2013.0,738848.0298534657
806,martida02,2013.0,1978926.6743654907
807,martiet01,2013.0,1978926.6743654907
808,martife02,2013.0,1978926.6743654907
809,martijd02,2013.0,728400.3182809714
810,martijo07,2013.0,1978926.6743654907
811,martile01,2013.0,1978926.6743654907
812,martimi02,2013.0,732836.1212562558
813,martiru01,2013.0,7310500.961404938
814,martish01,2013.0,1978926.6743654907
815,martivi01,2013.0,1978926.6743654907
816,masteju01,2013.0,4150022.7422982627
817,mastrda01,2013.0,1978926.6743654907
818,mathije01,2013.0,1888866.9714500785
819,matsuda01,2013.0,9571484.258603288
820,matthry01,2013.0,725863.2786714167
821,matusbr01,2013.0,1835781.4091401682
822,mauerjo01,2013.0,18757391.787760403
823,maurebr01,2013.0,1978926.6743654907
824,maxweju01,2013.0,1978926.6743654907
825,maxweju01,2013.0,1978926.6743654907
826,mayayu01,2013.0,1978926.6743654907
827,maybejo02,2013.0,743587.739310565
828,maybica01,2013.0,874145.9105960802
829,mazzavi01,2013.0,1978926.6743654907
830,mcallza01,2013.0,1978926.6743654907
831,mccanbr01,2013.0,10472349.461916327
832,mccarbr01,2013.0,4556890.891507074
833,mccleky01,2013.0,2902339.6701693796
834,mccutan01,2013.0,1005077.0790333094
835,mcdonda02,2013.0,758087.4539520366
836,mcdonja03,2013.0,753050.0769640777
837,mcdonjo03,2013.0,1888866.9714500785
838,mcdonjo03,2013.0,1888866.9714500785
839,mcdonjo03,2013.0,1888866.9714500785
840,mcdonjo03,2013.0,1888866.9714500785
841,mcfartj01,2013.0,1978926.6743654907
842,mcgeeja01,2013.0,729921.739393417
843,mcgowdu01,2013.0,1978926.6743654907
844,mcguich01,2013.0,1978926.6743654907
845,mchugco01,2013.0,1978926.6743654907
846,mchugco01,2013.0,1978926.6743654907
847,mckenmi01,2013.0,730935.6867641986
848,mclouna01,2013.0,1978926.6743654907
849,medicto01,2013.0,1978926.6743654907
850,medinyo01,2013.0,1978926.6743654907
851,medlekr01,2013.0,737266.8490237568
852,mejiaje01,2013.0,1978926.6743654907
853,melanma01,2013.0,776295.3306922722
854,mendolu01,2013.0,735906.5201213614
855,mercejo03,2013.0,1978926.6743654907
856,mesame01,2013.0,1978926.6743654907
857,mesorde01,2013.0,724594.1296792934
858,middlwi01,2013.0,1978926.6743654907
859,mijarjo01,2013.0,1257940.9524550487
860,mikolmi01,2013.0,1978926.6743654907
861,mileywa01,2013.0,725863.2786714167
862,millean01,2013.0,1388205.2713795665
863,millebr02,2013.0,1978926.6743654907
864,milleco01,2013.0,1978926.6743654907
865,milleji02,2013.0,1978926.6743654907
866,millesh01,2013.0,1978926.6743654907
867,milonto01,2013.0,724594.1296792934
868,minerza01,2013.0,1978926.6743654907
869,minormi01,2013.0,727766.2153601695
870,molinjo01,2013.0,1888866.9714500785
871,molinya01,2013.0,6898455.075265828
872,moneljo01,2013.0,1978926.6743654907
873,monteje01,2013.0,733342.7462163662
874,montemi01,2013.0,5974757.442261376
875,montzlu01,2013.0,1978926.6743654907
876,mooread01,2013.0,1978926.6743654907
877,moorema02,2013.0,1455247.399789205
878,moorety01,2013.0,1978926.6743654907
879,moralfr01,2013.0,1171604.4133188638
880,moralke01,2013.0,3359492.843885111
881,morelbr01,2013.0,737266.8490237568
882,morelmi01,2013.0,738658.3219879863
883,morneju01,2013.0,13094094.233251426
884,morneju01,2013.0,13094094.233251426
885,morribr01,2013.0,1978926.6743654907
886,morrilo01,2013.0,724594.1296792934
887,morrobr01,2013.0,4309108.629809974
888,morsemi01,2013.0,3851443.3729882305
889,morsemi01,2013.0,3851443.3729882305
890,mortecl01,2013.0,1978926.6743654907
891,mortoch02,2013.0,2848553.8326860606
892,moscogu01,2013.0,1978926.6743654907
893,mossbr01,2013.0,1978926.6743654907
894,moustmi01,2013.0,733785.9887294377
895,moylape01,2013.0,1978926.6743654907
896,mujiced01,2013.0,2020374.7262067164
897,murphda07,2013.0,3966782.694393006
898,murphda08,2013.0,765249.7741344109
899,murphdo01,2013.0,824875.9319382551
900,murphjr01,2013.0,1978926.6743654907
901,myersbr01,2013.0,1978926.6743654907
902,myerswi01,2013.0,1978926.6743654907
903,napolmi01,2013.0,8839115.184068505
904,narvech01,2013.0,749898.4777998982
905,nathajo01,2013.0,6898455.075265828
906,navada01,2013.0,1978926.6743654907
907,navardi01,2013.0,1978926.6743654907
908,navaref01,2013.0,1978926.6743654907
909,navarya01,2013.0,728400.3182809714
910,nealth01,2013.0,1978926.6743654907
911,nealth01,2013.0,1978926.6743654907
912,nelsoch01,2013.0,724594.1296792934
913,nelsoch01,2013.0,724594.1296792934
914,nelsoch01,2013.0,724594.1296792934
915,nelsoji02,2013.0,1978926.6743654907
916,neshepa01,2013.0,1978926.6743654907
917,nicasju01,2013.0,724594.1296792934
918,nickemi01,2013.0,725711.0029774645
919,niesejo01,2013.0,774478.2070328441
920,nieuwki01,2013.0,1978926.6743654907
921,nievewi01,2013.0,1978926.6743654907
922,nixja01,2013.0,1978926.6743654907
923,nixla01,2013.0,1510671.502719501
924,noesihe01,2013.0,734735.6235755063
925,nolasri01,2013.0,8521746.22166128
926,nolasri01,2013.0,8521746.22166128
927,nolinse01,2013.0,1978926.6743654907
928,noonani01,2013.0,1978926.6743654907
929,norribu01,2013.0,763746.9438870021
930,norribu01,2013.0,763746.9438870021
931,norride01,2013.0,1978926.6743654907
932,novaiv01,2013.0,784056.0575737717
933,nunezed02,2013.0,779801.9845261629
934,nunovi01,2013.0,1978926.6743654907
935,oberhbr01,2013.0,1978926.6743654907
936,odayda01,2013.0,1728721.7034329695
937,odorija01,2013.0,1978926.6743654907
938,oflaher01,2013.0,2892574.5496710725
939,ogandal01,2013.0,746870.5827746793
940,ohlenro01,2013.0,1978926.6743654907
941,okajihi01,2013.0,1978926.6743654907
942,oliveda02,2013.0,4309108.629809974
943,olivomi01,2013.0,4081490.7357995827
944,olmosed01,2013.0,1978926.6743654907
945,omogrbr01,2013.0,1978926.6743654907
946,ondrulo01,2013.0,740428.5705910594
947,orrpe01,2013.0,874145.9105960802
948,ortegjo01,2013.0,1978926.6743654907
949,ortizda01,2013.0,12781419.430513522
950,ortizjo05,2013.0,1978926.6743654907
951,ortizra01,2013.0,1978926.6743654907
952,osullse01,2013.0,1978926.6743654907
953,oswalro01,2013.0,1978926.6743654907
954,oteroda01,2013.0,724594.1296792934
955,ottavad01,2013.0,1978926.6743654907
956,outmajo01,2013.0,727132.0078688528
957,overbly01,2013.0,1343169.41965036
958,owingch01,2013.0,1978926.6743654907
959,ozunama01,2013.0,1978926.6743654907
960,pachejo01,2013.0,724594.1296792934
961,paganan01,2013.0,5067027.432635543
962,pagnoma01,2013.0,1978926.6743654907
963,papeljo01,2013.0,10088180.564493874
964,paredji01,2013.0,1978926.6743654907
965,parkebl01,2013.0,1978926.6743654907
966,parkeja02,2013.0,1978926.6743654907
967,parmech01,2013.0,724594.1296792934
968,parnebo01,2013.0,754939.8383976382
969,parrage01,2013.0,752419.9571160591
970,parrama01,2013.0,1565713.3467850224
971,parrian01,2013.0,725863.2786714167
972,partccu01,2013.0,1978926.6743654907
973,pastoty01,2013.0,724594.1296792934
974,paterjo01,2013.0,734102.5595050955
975,pattotr01,2013.0,729034.3167567304
976,paulxa01,2013.0,1978926.6743654907
977,paxtoja01,2013.0,1978926.6743654907
978,peacobr01,2013.0,1978926.6743654907
979,pearcst01,2013.0,1978926.6743654907
980,peavyja01,2013.0,14547334.057291562
981,peavyja01,2013.0,14547334.057291562
982,pedrodu01,2013.0,7920510.517586329
983,pegueca01,2013.0,1978926.6743654907
984,peguefr01,2013.0,1978926.6743654907
985,pelfrmi01,2013.0,5793281.72333415
986,penabr01,2013.0,1200513.0073364975
987,penaca01,2013.0,7105043.372189212
988,penaca01,2013.0,7105043.372189212
989,penara02,2013.0,1978926.6743654907
990,pencehu01,2013.0,9623383.178004194
991,pennicl01,2013.0,737266.8490237568
992,peraljh01,2013.0,5632258.743490964
993,peraljo01,2013.0,2581615.4088957575
994,peralwi01,2013.0,1978926.6743654907
995,perezau01,2013.0,1978926.6743654907
996,perezch01,2013.0,4757735.268782641
997,perezeu01,2013.0,1978926.6743654907
998,perezhe01,2013.0,1978926.6743654907
999,perezju01,2013.0,1978926.6743654907
1000,perezju02,2013.0,1978926.6743654907
1001,perezlu01,2013.0,731822.6724096388
1002,perezma02,2013.0,1978926.6743654907
1003,perezol01,2013.0,1978926.6743654907
1004,perezsa02,2013.0,1054564.2611679141
1005,perkigl01,2013.0,1941671.646906931
1006,pestavi01,2013.0,738784.7949226135
1007,peterbr02,2013.0,1978926.6743654907
1008,petersh01,2013.0,1978926.6743654907
1009,petityu01,2013.0,1978926.6743654907
1010,petrija01,2013.0,1978926.6743654907
1011,pettian01,2013.0,1978926.6743654907
1012,pettijo02,2013.0,1978926.6743654907
1013,phegljo01,2013.0,1978926.6743654907
1014,phelpco01,2013.0,1978926.6743654907
1015,phelpda01,2013.0,1978926.6743654907
1016,phillbr01,2013.0,11232954.607072342
1017,phillza01,2013.0,1978926.6743654907
1018,piefe01,2013.0,1978926.6743654907
1019,pierrju01,2013.0,1113375.5415954904
1020,pierzaj01,2013.0,6059796.216442532
1021,pillake01,2013.0,1978926.6743654907
1022,pillbr01,2013.0,724594.1296792934
1023,pimenst01,2013.0,1978926.6743654907
1024,pintojo01,2013.0,1978926.6743654907
1025,plouftr01,2013.0,730935.6867641986
1026,polanpl01,2013.0,6411747.050900386
1027,polloaj01,2013.0,1978926.6743654907
1028,pomerdr01,2013.0,1978926.6743654907
1029,porceri01,2013.0,3477796.070181461
1030,poseybu01,2013.0,892485.8735834898
1031,pradoma01,2013.0,4979032.0098235225
1032,preslal01,2013.0,729668.2109126295
1033,preslal01,2013.0,729668.2109126295
1034,pressry01,2013.0,1978926.6743654907
1035,priceda01,2013.0,4624021.748517567
1036,pridija01,2013.0,1978926.6743654907
1037,princjo01,2013.0,1978926.6743654907
1038,profaju01,2013.0,1978926.6743654907
1039,pryorst01,2013.0,1978926.6743654907
1040,puigya01,2013.0,1978926.6743654907
1041,pujolal01,2013.0,10853913.173844952
1042,puntoni01,2013.0,1888866.9714500785
1043,purceda01,2013.0,1978926.6743654907
1044,putkolu01,2013.0,1978926.6743654907
1045,putnaza01,2013.0,1978926.6743654907
1046,putzjj01,2013.0,4757735.268782641
1047,quallch01,2013.0,1978926.6743654907
1048,quentca01,2013.0,6919166.097058934
1049,quinthu01,2013.0,1343169.41965036
1050,quinthu01,2013.0,1343169.41965036
1051,quintjo01,2013.0,1978926.6743654907
1052,quintom01,2013.0,1978926.6743654907
1053,quirogu01,2013.0,1978926.6743654907
1054,raburry01,2013.0,2506551.612280174
1055,raleybr01,2013.0,1978926.6743654907
1056,ramiral03,2013.0,5198482.202346659
1057,ramirar01,2013.0,6059796.216442532
1058,ramirer02,2013.0,1978926.6743654907
1059,ramirha01,2013.0,1978926.6743654907
1060,ramirjc01,2013.0,1978926.6743654907
1061,ramirjo01,2013.0,1978926.6743654907
1062,ramirra02,2013.0,3048086.478383257
1063,ramirwi01,2013.0,1978926.6743654907
1064,ramosaj01,2013.0,1978926.6743654907
1065,ramosce01,2013.0,1978926.6743654907
1066,ramoswi01,2013.0,738848.0298534657
1067,ransoco01,2013.0,1978926.6743654907
1068,ransoco01,2013.0,1978926.6743654907
1069,rapadcl01,2013.0,781303.9223702521
1070,rasmuco01,2013.0,3096373.9704464865
1071,rasmuco02,2013.0,1978926.6743654907
1072,rasmuco02,2013.0,1978926.6743654907
1073,rauchjo01,2013.0,3851443.3729882305
1074,reckean01,2013.0,1978926.6743654907
1075,reddijo01,2013.0,730935.6867641986
1076,redmoto01,2013.0,1978926.6743654907
1077,reedad01,2013.0,724594.1296792934
1078,reedev01,2013.0,1978926.6743654907
1079,reidry01,2013.0,1978926.6743654907
1080,reimono01,2013.0,737899.3982876205
1081,rendoan01,2013.0,1978926.6743654907
1082,resopch01,2013.0,1171604.4133188638
1083,reverbe01,2013.0,740428.5705910594
1084,reyesjo01,2013.0,9311183.486162355
1085,reynogr01,2013.0,1978926.6743654907
1086,reynoma01,2013.0,7582760.1594944475
1087,reynoma01,2013.0,7582760.1594944475
1088,reynoma01,2013.0,7582760.1594944475
1089,reynoma02,2013.0,725863.2786714167
1090,ricesc01,2013.0,1978926.6743654907
1091,richacl01,2013.0,3101194.854329512
1092,richaga01,2013.0,1978926.6743654907
1093,rienzan01,2013.0,1978926.6743654907
1094,riosal01,2013.0,11232954.607072342
1095,riosal01,2013.0,11232954.607072342
1096,riverma01,2013.0,13050056.619367495
1097,riverre01,2013.0,1978926.6743654907
1098,rizzoan01,2013.0,1978926.6743654907
1099,roarkta01,2013.0,1978926.6743654907
1100,roberbr01,2013.0,9311183.486162355
1101,roberda08,2013.0,1994205.9149728855
1102,roberry01,2013.0,2418435.0849039424
1103,roberty01,2013.0,1978926.6743654907
1104,robinch02,2013.0,1978926.6743654907
1105,robinde02,2013.0,1978926.6743654907
1106,robinsh01,2013.0,724594.1296792934
1107,roblema01,2013.0,1978926.6743654907
1108,rodnefe01,2013.0,2150280.8807903016
1109,rodrial01,2013.0,23453290.642385487
1110,rodrifr03,2013.0,7718195.340912074
1111,rodrifr03,2013.0,7718195.340912074
1112,rodrihe03,2013.0,738531.8449553236
1113,rodrihe04,2013.0,1978926.6743654907
1114,rodrise01,2013.0,740807.8053317717
1115,rodrist02,2013.0,1978926.6743654907
1116,rodriwa01,2013.0,9701132.079893328
1117,roech01,2013.0,1978926.6743654907
1118,roenijo01,2013.0,725863.2786714167
1119,rogeres01,2013.0,1978926.6743654907
1120,rolliji01,2013.0,10088135.836747363
1121,romeren01,2013.0,1978926.6743654907
1122,romerri01,2013.0,5416192.531796526
1123,rominan01,2013.0,1978926.6743654907
1124,rominau01,2013.0,1978926.6743654907
1125,romose01,2013.0,1967971.9552962743
1126,rondobr01,2013.0,1978926.6743654907
1127,rondohe01,2013.0,1978926.6743654907
1128,rosalad01,2013.0,1978926.6743654907
1129,rosalad01,2013.0,1978926.6743654907
1130,rosarsa02,2013.0,1978926.6743654907
1131,rosarwi01,2013.0,724594.1296792934
1132,rosenbj01,2013.0,1978926.6743654907
1133,rosentr01,2013.0,1978926.6743654907
1134,rossco01,2013.0,3383215.7671299167
1135,rosscza01,2013.0,1978926.6743654907
1136,rossda01,2013.0,2020374.7262067164
1137,rossro01,2013.0,724594.1296792934
1138,rossty01,2013.0,1978926.6743654907
1139,rothmi01,2013.0,1978926.6743654907
1140,rufda01,2013.0,1978926.6743654907
1141,ruffich01,2013.0,1978926.6743654907
1142,ruggiju01,2013.0,1978926.6743654907
1143,ruizca01,2013.0,4035681.675530154
1144,ruppca01,2013.0,1978926.6743654907
1145,rusinch01,2013.0,1978926.6743654907
1146,russeja02,2013.0,765631.675382195
1147,rutlejo01,2013.0,1978926.6743654907
1148,ryanbr01,2013.0,2150280.8807903016
1149,ryanbr01,2013.0,2150280.8807903016
1150,ryuhy01,2013.0,1978926.6743654907
1151,rzepcma01,2013.0,754939.8383976382
1152,rzepcma01,2013.0,754939.8383976382
1153,sabatcc01,2013.0,18757391.787760403
1154,salasfe01,2013.0,747375.3930374639
1155,salazda01,2013.0,1978926.6743654907
1156,salech01,2013.0,749898.4777998982
1157,saltaja01,2013.0,2902339.6701693796
1158,samarje01,2013.0,3038411.6572805597
1159,sanabal01,2013.0,1978926.6743654907
1160,sanchan01,2013.0,1978926.6743654907
1161,sanchan02,2013.0,1978926.6743654907
1162,sanched01,2013.0,1978926.6743654907
1163,sanchga01,2013.0,728400.3182809714
1164,sanchhe01,2013.0,724594.1296792934
1165,sanchjo01,2013.0,1978926.6743654907
1166,sanchto01,2013.0,1978926.6743654907
1167,sandopa01,2013.0,3571892.0370874424
1168,santaca01,2013.0,752293.9211649233
1169,santaer01,2013.0,10242147.947986301
1170,santihe01,2013.0,724594.1296792934
1171,santira01,2013.0,2506551.612280174
1172,santoom01,2013.0,1978926.6743654907
1173,santose01,2013.0,1343169.41965036
1174,sappeda01,2013.0,1978926.6743654907
1175,satinjo01,2013.0,1978926.6743654907
1176,saundjo01,2013.0,6059796.216442532
1177,saundmi01,2013.0,736128.0014189332
1178,saverjo01,2013.0,724594.1296792934
1179,scahiro01,2013.0,1978926.6743654907
1180,schafjo02,2013.0,736001.4422218482
1181,schaflo01,2013.0,1978926.6743654907
1182,schepta01,2013.0,1978926.6743654907
1183,scherma01,2013.0,4081490.7357995827
1184,schiena01,2013.0,1978926.6743654907
1185,schoojo01,2013.0,1978926.6743654907
1186,schumsk01,2013.0,1888866.9714500785
1187,scottlu01,2013.0,5198482.202346659
1188,scribev01,2013.0,1978926.6743654907
1189,scutama01,2013.0,6059796.216442532
1190,seageky01,2013.0,730048.4973846084
1191,segurje01,2013.0,1978926.6743654907
1192,selleju01,2013.0,725863.2786714167
1193,semiema01,2013.0,1978926.6743654907
1194,shawbr01,2013.0,728400.3182809714
1195,shielja02,2013.0,7718195.340912074
1196,shoemma01,2013.0,1978926.6743654907
1197,shoppke01,2013.0,1728721.7034329695
1198,shoppke01,2013.0,1728721.7034329695
1199,shuckja01,2013.0,1978926.6743654907
1200,siegrke01,2013.0,1978926.6743654907
1201,sierrmo01,2013.0,1978926.6743654907
1202,simmoan01,2013.0,1978926.6743654907
1203,simonal01,2013.0,733469.3921063361
1204,sippto01,2013.0,756073.2655757098
1205,sizemsc01,2013.0,1978926.6743654907
1206,skaggty01,2013.0,1978926.6743654907
1207,skipwky01,2013.0,1978926.6743654907
1208,sloweke01,2013.0,1978926.6743654907
1209,smithbu03,2013.0,1978926.6743654907
1210,smithjo05,2013.0,2150280.8807903016
1211,smithse01,2013.0,2819135.1257482925
1212,smithwi04,2013.0,1978926.6743654907
1213,smoakju01,2013.0,743714.053171961
1214,smylydr01,2013.0,1978926.6743654907
1215,snidetr01,2013.0,1978926.6743654907
1216,snydebr03,2013.0,725863.2786714167
1217,snydech02,2013.0,1054564.2611679141
1218,sogarer01,2013.0,727766.2153601695
1219,solando01,2013.0,1978926.6743654907
1220,solanjh01,2013.0,1978926.6743654907
1221,soriaal01,2013.0,15973554.406275623
1222,soriaal01,2013.0,15973554.406275623
1223,soriajo01,2013.0,1978926.6743654907
1224,soriara01,2013.0,10088135.836747363
1225,sotoge01,2013.0,4579288.509321737
1226,sotone01,2013.0,1978926.6743654907
1227,spande01,2013.0,3383215.7671299167
1228,spruize01,2013.0,1978926.6743654907
1229,stammcr01,2013.0,730935.6867641986
1230,stangda01,2013.0,1978926.6743654907
1231,stantmi03,2013.0,724594.1296792934
1232,stassma01,2013.0,1978926.6743654907
1233,staufti01,2013.0,3571892.0370874424
1234,stewach01,2013.0,727766.2153601695
1235,stinsjo01,2013.0,1978926.6743654907
1236,storedr01,2013.0,748321.7384347495
1237,storemi01,2013.0,1978926.6743654907
1238,straida01,2013.0,1978926.6743654907
1239,strasst01,2013.0,5088980.979772939
1240,streehu01,2013.0,7310500.961404938
1241,stroppe01,2013.0,727766.2153601695
1242,stroppe01,2013.0,727766.2153601695
1243,stubbdr01,2013.0,784431.2069937291
1244,stulter01,2013.0,1978926.6743654907
1245,stutemi01,2013.0,730935.6867641986
1246,sucreje01,2013.0,1978926.6743654907
1247,surkaer01,2013.0,1978926.6743654907
1248,susdost01,2013.0,1978926.6743654907
1249,suzukic01,2013.0,1978926.6743654907
1250,suzukku01,2013.0,5231247.212972372
1251,suzukku01,2013.0,5231247.212972372
1252,swarzan01,2013.0,734102.5595050955
1253,sweenry01,2013.0,2150280.8807903016
1254,swishni01,2013.0,9506536.182360124
1255,tabatjo01,2013.0,1248403.8755138936
1256,takahhi01,2013.0,4489572.354203934
1257,tanakke01,2013.0,1978926.6743654907
1258,taylomi01,2013.0,1978926.6743654907
1259,tazawju01,2013.0,1978926.6743654907
1260,teafoev01,2013.0,734735.6235755063
1261,teagata01,2013.0,736634.1970423755
1262,teherju01,2013.0,1978926.6743654907
1263,teixema01,2013.0,18843075.4770454
1264,tejadmi01,2013.0,1978926.6743654907
1265,tejadru01,2013.0,738796.1772857542
1266,tekotbl01,2013.0,1978926.6743654907
1267,tepesni01,2013.0,1978926.6743654907
1268,terdojo01,2013.0,1978926.6743654907
1269,thatcjo01,2013.0,995125.2613267802
1270,thatcjo01,2013.0,995125.2613267802
1271,thayeda01,2013.0,1978926.6743654907
1272,thielca01,2013.0,1978926.6743654907
1273,tholejo01,2013.0,748536.2118997439
1274,thomacl02,2013.0,725863.2786714167
1275,thornma01,2013.0,5632258.743490964
1276,thornma01,2013.0,5632258.743490964
1277,thornty01,2013.0,1978926.6743654907
1278,tillmch01,2013.0,1978926.6743654907
1279,tollesh01,2013.0,1978926.6743654907
1280,tomlijo01,2013.0,742956.1090750694
1281,tonkimi01,2013.0,1978926.6743654907
1282,torreal01,2013.0,1978926.6743654907
1283,torrean02,2013.0,3096373.9704464865
1284,torreca01,2013.0,1978926.6743654907
1285,torreyo01,2013.0,1978926.6743654907
1286,tovarwi01,2013.0,1978926.6743654907
1287,tracych01,2013.0,1054564.2611679141
1288,triunca01,2013.0,1978926.6743654907
1289,troncra01,2013.0,1978926.6743654907
1290,troutmi01,2013.0,1978926.6743654907
1291,trumbma01,2013.0,749898.4777998982
1292,tuiasma01,2013.0,1978926.6743654907
1293,tulowtr01,2013.0,7920510.517586329
1294,turneja01,2013.0,1978926.6743654907
1295,turneju01,2013.0,738796.1772857542
1296,ueharko01,2013.0,4309108.629809974
1297,ugglada01,2013.0,11719836.036907695
1298,uptonbj01,2013.0,6898455.075265828
1299,uptonju01,2013.0,6863910.241449071
1300,uribeju01,2013.0,7957556.880172986
1301,urruthe01,2013.0,1978926.6743654907
1302,utleych01,2013.0,13303502.0222045
1303,valaich01,2013.0,1978926.6743654907
1304,valbulu01,2013.0,743840.3629736754
1305,valdejo02,2013.0,1978926.6743654907
1306,valdelu01,2013.0,1978926.6743654907
1307,valdera02,2013.0,1978926.6743654907
1308,valenda01,2013.0,1978926.6743654907
1309,valvejo01,2013.0,8521746.22166128
1310,vanslsc01,2013.0,1978926.6743654907
1311,vargaja01,2013.0,5067027.432635543
1312,varvaan01,2013.0,726180.5002870214
1313,vealdo01,2013.0,1978926.6743654907
1314,velazgi01,2013.0,1978926.6743654907
1315,venabwi01,2013.0,1862359.9857188512
1316,ventuyo01,2013.0,1978926.6743654907
1317,verasjo01,2013.0,2405797.7756894343
1318,verasjo01,2013.0,2405797.7756894343
1319,verlaju01,2013.0,16747677.665227745
1320,vicieda01,2013.0,2902339.6701693796
1321,victosh01,2013.0,1978926.6743654907
1322,villabr02,2013.0,1978926.6743654907
1323,villabr02,2013.0,1978926.6743654907
1324,villaca01,2013.0,2683541.3404352185
1325,villajo01,2013.0,1978926.6743654907
1326,villape01,2013.0,1978926.6743654907
1327,vinceni01,2013.0,1978926.6743654907
1328,vogelry01,2013.0,3383215.7671299167
1329,vogtst01,2013.0,724594.1296792934
1330,volqued01,2013.0,2643854.048483474
1331,volqued01,2013.0,2643854.048483474
1332,volstch01,2013.0,3052921.7094383123
1333,vottojo01,2013.0,10403892.647173725
1334,wachami01,2013.0,1978926.6743654907
1335,wagnene01,2013.0,1978926.6743654907
1336,wainwad01,2013.0,8521746.22166128
1337,waldejo01,2013.0,743587.739310565
1338,walkene01,2013.0,749898.4777998982
1339,walketa01,2013.0,1978926.6743654907
1340,wallabr01,2013.0,1978926.6743654907
1341,walljo02,2013.0,1978926.6743654907
1342,waltepj01,2013.0,1978926.6743654907
1343,walteza01,2013.0,1978926.6743654907
1344,wangch01,2013.0,4309108.629809974
1345,warread01,2013.0,1978926.6743654907
1346,watkilo01,2013.0,1978926.6743654907
1347,watsoto01,2013.0,729668.2109126295
1348,weaveje02,2013.0,12504323.702652698
1349,webbda01,2013.0,1978926.6743654907
1350,webbry01,2013.0,724594.1296792934
1351,weberth01,2013.0,1978926.6743654907
1352,weberth01,2013.0,1978926.6743654907
1353,webstal01,2013.0,1978926.6743654907
1354,weeksje01,2013.0,727766.2153601695
1355,weeksri01,2013.0,10088135.836747363
1356,welkedu01,2013.0,1978926.6743654907
1357,wellsca01,2013.0,734988.8202992304
1358,wellsca01,2013.0,734988.8202992304
1359,wellsca01,2013.0,734988.8202992304
1360,wellsve01,2013.0,19568457.930654615
1361,werthja01,2013.0,12037222.02192529
1362,westbja01,2013.0,8121852.318860316
1363,wheelry01,2013.0,1978926.6743654907
1364,wheelza01,2013.0,1978926.6743654907
1365,wietema01,2013.0,749898.4777998982
1366,wiggity01,2013.0,4309108.629809974
1367,wilheto01,2013.0,728273.5060564262
1368,willije01,2013.0,1978926.6743654907
1369,willijo03,2013.0,6898455.075265828
1370,wilsoal01,2013.0,1978926.6743654907
1371,wilsobr01,2013.0,8121852.318860316
1372,wilsocj01,2013.0,9701132.079893328
1373,wilsojo03,2013.0,1978926.6743654907
1374,wilsoju10,2013.0,1978926.6743654907
1375,wisede01,2013.0,1978926.6743654907
1376,withrch01,2013.0,1978926.6743654907
1377,wolfro01,2013.0,1978926.6743654907
1378,wongko01,2013.0,1978926.6743654907
1379,woodal02,2013.0,1978926.6743654907
1380,woodbl01,2013.0,1978926.6743654907
1381,woodtr01,2013.0,1978926.6743654907
1382,wootero01,2013.0,1978926.6743654907
1383,workmbr01,2013.0,1978926.6743654907
1384,worleva01,2013.0,743587.739310565
1385,worthda01,2013.0,727132.0078688528
1386,wrighda03,2013.0,13277360.521651732
1387,wrighja01,2013.0,1229290.4488421858
1388,wrighst01,2013.0,1978926.6743654907
1389,wrighwe01,2013.0,765003.5292065919
1390,wrighwe01,2013.0,765003.5292065919
1391,yelicch01,2013.0,1978926.6743654907
1392,youklke01,2013.0,11043741.644442936
1393,youngch04,2013.0,7063817.621273158
1394,youngde03,2013.0,6690689.109379832
1395,youngde03,2013.0,6690689.109379832
1396,younger03,2013.0,725863.2786714167
1397,younger03,2013.0,725863.2786714167
1398,youngmi02,2013.0,13951344.072570268
1399,youngmi02,2013.0,13951344.072570268
1400,zagurmi01,2013.0,1978926.6743654907
1401,zagurmi01,2013.0,1978926.6743654907
1402,zeidjo01,2013.0,1978926.6743654907
1403,zieglbr01,2013.0,2196681.087859283
1404,zimmejo02,2013.0,2705816.621395425
1405,zimmery01,2013.0,10853913.173844952
1406,zitoba01,2013.0,15973554.406275623
1407,zobribe01,2013.0,4923708.715811497
1408,zuninmi01,2013.0,1978926.6743654907
